"id","country_id:id","state_id:id","name"
"res_custom_city_mx_agu_001","base.mx","base.state_mx_ags","Aguascalientes"
"res_custom_city_mx_agu_002","base.mx","base.state_mx_ags","Asientos"
"res_custom_city_mx_agu_003","base.mx","base.state_mx_ags","Calvillo"
"res_custom_city_mx_agu_004","base.mx","base.state_mx_ags","Cosío"
"res_custom_city_mx_agu_005","base.mx","base.state_mx_ags","Jesús María"
"res_custom_city_mx_agu_006","base.mx","base.state_mx_ags","Pabellón de Arteaga"
"res_custom_city_mx_agu_007","base.mx","base.state_mx_ags","Rincón de Romos"
"res_custom_city_mx_agu_008","base.mx","base.state_mx_ags","San José de Gracia"
"res_custom_city_mx_agu_009","base.mx","base.state_mx_ags","Tepezalá"
"res_custom_city_mx_agu_010","base.mx","base.state_mx_ags","El Llano"
"res_custom_city_mx_agu_011","base.mx","base.state_mx_ags","San Francisco de los Romo"
"res_custom_city_mx_bcn_001","base.mx","base.state_mx_bc","Ensenada"
"res_custom_city_mx_bcn_002","base.mx","base.state_mx_bc","Mexicali"
"res_custom_city_mx_bcn_003","base.mx","base.state_mx_bc","Tecate"
"res_custom_city_mx_bcn_004","base.mx","base.state_mx_bc","Tijuana"
"res_custom_city_mx_bcn_005","base.mx","base.state_mx_bc","Playas de Rosarito"
"res_custom_city_mx_bcs_001","base.mx","base.state_mx_bcs","Comondú"
"res_custom_city_mx_bcs_002","base.mx","base.state_mx_bcs","Mulegé"
"res_custom_city_mx_bcs_003","base.mx","base.state_mx_bcs","La Paz"
"res_custom_city_mx_bcs_008","base.mx","base.state_mx_bcs","Los Cabos"
"res_custom_city_mx_bcs_009","base.mx","base.state_mx_bcs","Loreto"
"res_custom_city_mx_cam_001","base.mx","base.state_mx_camp","Calkiní"
"res_custom_city_mx_cam_002","base.mx","base.state_mx_camp","Campeche"
"res_custom_city_mx_cam_003","base.mx","base.state_mx_camp","Carmen"
"res_custom_city_mx_cam_004","base.mx","base.state_mx_camp","Champotón"
"res_custom_city_mx_cam_005","base.mx","base.state_mx_camp","Hecelchakán"
"res_custom_city_mx_cam_006","base.mx","base.state_mx_camp","Hopelchén"
"res_custom_city_mx_cam_007","base.mx","base.state_mx_camp","Palizada"
"res_custom_city_mx_cam_008","base.mx","base.state_mx_camp","Tenabo"
"res_custom_city_mx_cam_009","base.mx","base.state_mx_camp","Escárcega"
"res_custom_city_mx_cam_010","base.mx","base.state_mx_camp","Calakmul"
"res_custom_city_mx_cam_011","base.mx","base.state_mx_camp","Candelaria"
"res_custom_city_mx_chh_001","base.mx","base.state_mx_chih","Ahumada"
"res_custom_city_mx_chh_002","base.mx","base.state_mx_chih","Aldama"
"res_custom_city_mx_chh_003","base.mx","base.state_mx_chih","Allende"
"res_custom_city_mx_chh_004","base.mx","base.state_mx_chih","Aquiles Serdán"
"res_custom_city_mx_chh_005","base.mx","base.state_mx_chih","Ascensión"
"res_custom_city_mx_chh_006","base.mx","base.state_mx_chih","Bachíniva"
"res_custom_city_mx_chh_007","base.mx","base.state_mx_chih","Balleza"
"res_custom_city_mx_chh_008","base.mx","base.state_mx_chih","Batopilas"
"res_custom_city_mx_chh_009","base.mx","base.state_mx_chih","Bocoyna"
"res_custom_city_mx_chh_010","base.mx","base.state_mx_chih","Buenaventura"
"res_custom_city_mx_chh_011","base.mx","base.state_mx_chih","Camargo"
"res_custom_city_mx_chh_012","base.mx","base.state_mx_chih","Carichí"
"res_custom_city_mx_chh_013","base.mx","base.state_mx_chih","Casas Grandes"
"res_custom_city_mx_chh_014","base.mx","base.state_mx_chih","Coronado"
"res_custom_city_mx_chh_015","base.mx","base.state_mx_chih","Coyame del Sotol"
"res_custom_city_mx_chh_016","base.mx","base.state_mx_chih","La Cruz"
"res_custom_city_mx_chh_017","base.mx","base.state_mx_chih","Cuauhtémoc"
"res_custom_city_mx_chh_018","base.mx","base.state_mx_chih","Cusihuiriachi"
"res_custom_city_mx_chh_019","base.mx","base.state_mx_chih","Chihuahua"
"res_custom_city_mx_chh_020","base.mx","base.state_mx_chih","Chínipas"
"res_custom_city_mx_chh_021","base.mx","base.state_mx_chih","Delicias"
"res_custom_city_mx_chh_022","base.mx","base.state_mx_chih","Dr. Belisario Domínguez"
"res_custom_city_mx_chh_023","base.mx","base.state_mx_chih","Galeana"
"res_custom_city_mx_chh_024","base.mx","base.state_mx_chih","Santa Isabel"
"res_custom_city_mx_chh_025","base.mx","base.state_mx_chih","Gómez Farías"
"res_custom_city_mx_chh_026","base.mx","base.state_mx_chih","Gran Morelos"
"res_custom_city_mx_chh_027","base.mx","base.state_mx_chih","Guachochi"
"res_custom_city_mx_chh_028","base.mx","base.state_mx_chih","Guadalupe"
"res_custom_city_mx_chh_029","base.mx","base.state_mx_chih","Guadalupe y Calvo"
"res_custom_city_mx_chh_030","base.mx","base.state_mx_chih","Guazapares"
"res_custom_city_mx_chh_031","base.mx","base.state_mx_chih","Guerrero"
"res_custom_city_mx_chh_032","base.mx","base.state_mx_chih","Hidalgo del Parral"
"res_custom_city_mx_chh_033","base.mx","base.state_mx_chih","Huejotitán"
"res_custom_city_mx_chh_034","base.mx","base.state_mx_chih","Ignacio Zaragoza"
"res_custom_city_mx_chh_035","base.mx","base.state_mx_chih","Janos"
"res_custom_city_mx_chh_036","base.mx","base.state_mx_chih","Jiménez"
"res_custom_city_mx_chh_037","base.mx","base.state_mx_chih","Juárez"
"res_custom_city_mx_chh_038","base.mx","base.state_mx_chih","Julimes"
"res_custom_city_mx_chh_039","base.mx","base.state_mx_chih","López"
"res_custom_city_mx_chh_040","base.mx","base.state_mx_chih","Madera"
"res_custom_city_mx_chh_041","base.mx","base.state_mx_chih","Maguarichi"
"res_custom_city_mx_chh_042","base.mx","base.state_mx_chih","Manuel Benavides"
"res_custom_city_mx_chh_043","base.mx","base.state_mx_chih","Matachí"
"res_custom_city_mx_chh_044","base.mx","base.state_mx_chih","Matamoros"
"res_custom_city_mx_chh_045","base.mx","base.state_mx_chih","Meoqui"
"res_custom_city_mx_chh_046","base.mx","base.state_mx_chih","Morelos"
"res_custom_city_mx_chh_047","base.mx","base.state_mx_chih","Moris"
"res_custom_city_mx_chh_048","base.mx","base.state_mx_chih","Namiquipa"
"res_custom_city_mx_chh_049","base.mx","base.state_mx_chih","Nonoava"
"res_custom_city_mx_chh_050","base.mx","base.state_mx_chih","Nuevo Casas Grandes"
"res_custom_city_mx_chh_051","base.mx","base.state_mx_chih","Ocampo"
"res_custom_city_mx_chh_052","base.mx","base.state_mx_chih","Ojinaga"
"res_custom_city_mx_chh_053","base.mx","base.state_mx_chih","Praxedis G. Guerrero"
"res_custom_city_mx_chh_054","base.mx","base.state_mx_chih","Riva Palacio"
"res_custom_city_mx_chh_055","base.mx","base.state_mx_chih","Rosales"
"res_custom_city_mx_chh_056","base.mx","base.state_mx_chih","Rosario"
"res_custom_city_mx_chh_057","base.mx","base.state_mx_chih","San Francisco de Borja"
"res_custom_city_mx_chh_058","base.mx","base.state_mx_chih","San Francisco de Conchos"
"res_custom_city_mx_chh_059","base.mx","base.state_mx_chih","San Francisco del Oro"
"res_custom_city_mx_chh_060","base.mx","base.state_mx_chih","Santa Bárbara"
"res_custom_city_mx_chh_061","base.mx","base.state_mx_chih","Satevó"
"res_custom_city_mx_chh_062","base.mx","base.state_mx_chih","Saucillo"
"res_custom_city_mx_chh_063","base.mx","base.state_mx_chih","Temósachic"
"res_custom_city_mx_chh_064","base.mx","base.state_mx_chih","El Tule"
"res_custom_city_mx_chh_065","base.mx","base.state_mx_chih","Urique"
"res_custom_city_mx_chh_066","base.mx","base.state_mx_chih","Uruachi"
"res_custom_city_mx_chh_067","base.mx","base.state_mx_chih","Valle de Zaragoza"
"res_custom_city_mx_chp_001","base.mx","base.state_mx_chis","Acacoyagua"
"res_custom_city_mx_chp_002","base.mx","base.state_mx_chis","Acala"
"res_custom_city_mx_chp_003","base.mx","base.state_mx_chis","Acapetahua"
"res_custom_city_mx_chp_004","base.mx","base.state_mx_chis","Altamirano"
"res_custom_city_mx_chp_005","base.mx","base.state_mx_chis","Amatán"
"res_custom_city_mx_chp_006","base.mx","base.state_mx_chis","Amatenango de la Frontera"
"res_custom_city_mx_chp_007","base.mx","base.state_mx_chis","Amatenango del Valle"
"res_custom_city_mx_chp_008","base.mx","base.state_mx_chis","Angel Albino Corzo"
"res_custom_city_mx_chp_009","base.mx","base.state_mx_chis","Arriaga"
"res_custom_city_mx_chp_010","base.mx","base.state_mx_chis","Bejucal de Ocampo"
"res_custom_city_mx_chp_011","base.mx","base.state_mx_chis","Bella Vista"
"res_custom_city_mx_chp_012","base.mx","base.state_mx_chis","Berriozábal"
"res_custom_city_mx_chp_013","base.mx","base.state_mx_chis","Bochil"
"res_custom_city_mx_chp_014","base.mx","base.state_mx_chis","El Bosque"
"res_custom_city_mx_chp_015","base.mx","base.state_mx_chis","Cacahoatán"
"res_custom_city_mx_chp_016","base.mx","base.state_mx_chis","Catazajá"
"res_custom_city_mx_chp_017","base.mx","base.state_mx_chis","Cintalapa"
"res_custom_city_mx_chp_018","base.mx","base.state_mx_chis","Coapilla"
"res_custom_city_mx_chp_019","base.mx","base.state_mx_chis","Comitán de Domínguez"
"res_custom_city_mx_chp_020","base.mx","base.state_mx_chis","La Concordia"
"res_custom_city_mx_chp_021","base.mx","base.state_mx_chis","Copainalá"
"res_custom_city_mx_chp_022","base.mx","base.state_mx_chis","Chalchihuitán"
"res_custom_city_mx_chp_023","base.mx","base.state_mx_chis","Chamula"
"res_custom_city_mx_chp_024","base.mx","base.state_mx_chis","Chanal"
"res_custom_city_mx_chp_025","base.mx","base.state_mx_chis","Chapultenango"
"res_custom_city_mx_chp_026","base.mx","base.state_mx_chis","Chenalhó"
"res_custom_city_mx_chp_027","base.mx","base.state_mx_chis","Chiapa de Corzo"
"res_custom_city_mx_chp_028","base.mx","base.state_mx_chis","Chiapilla"
"res_custom_city_mx_chp_029","base.mx","base.state_mx_chis","Chicoasén"
"res_custom_city_mx_chp_030","base.mx","base.state_mx_chis","Chicomuselo"
"res_custom_city_mx_chp_031","base.mx","base.state_mx_chis","Chilón"
"res_custom_city_mx_chp_032","base.mx","base.state_mx_chis","Escuintla"
"res_custom_city_mx_chp_033","base.mx","base.state_mx_chis","Francisco León"
"res_custom_city_mx_chp_034","base.mx","base.state_mx_chis","Frontera Comalapa"
"res_custom_city_mx_chp_035","base.mx","base.state_mx_chis","Frontera Hidalgo"
"res_custom_city_mx_chp_036","base.mx","base.state_mx_chis","La Grandeza"
"res_custom_city_mx_chp_037","base.mx","base.state_mx_chis","Huehuetán"
"res_custom_city_mx_chp_038","base.mx","base.state_mx_chis","Huixtán"
"res_custom_city_mx_chp_039","base.mx","base.state_mx_chis","Huitiupán"
"res_custom_city_mx_chp_040","base.mx","base.state_mx_chis","Huixtla"
"res_custom_city_mx_chp_041","base.mx","base.state_mx_chis","La Independencia"
"res_custom_city_mx_chp_042","base.mx","base.state_mx_chis","Ixhuatán"
"res_custom_city_mx_chp_043","base.mx","base.state_mx_chis","Ixtacomitán"
"res_custom_city_mx_chp_044","base.mx","base.state_mx_chis","Ixtapa"
"res_custom_city_mx_chp_045","base.mx","base.state_mx_chis","Ixtapangajoya"
"res_custom_city_mx_chp_046","base.mx","base.state_mx_chis","Jiquipilas"
"res_custom_city_mx_chp_047","base.mx","base.state_mx_chis","Jitotol"
"res_custom_city_mx_chp_048","base.mx","base.state_mx_chis","Juárez"
"res_custom_city_mx_chp_049","base.mx","base.state_mx_chis","Larráinzar"
"res_custom_city_mx_chp_050","base.mx","base.state_mx_chis","La Libertad"
"res_custom_city_mx_chp_051","base.mx","base.state_mx_chis","Mapastepec"
"res_custom_city_mx_chp_052","base.mx","base.state_mx_chis","Las Margaritas"
"res_custom_city_mx_chp_053","base.mx","base.state_mx_chis","Mazapa de Madero"
"res_custom_city_mx_chp_054","base.mx","base.state_mx_chis","Mazatán"
"res_custom_city_mx_chp_055","base.mx","base.state_mx_chis","Metapa"
"res_custom_city_mx_chp_056","base.mx","base.state_mx_chis","Mitontic"
"res_custom_city_mx_chp_057","base.mx","base.state_mx_chis","Motozintla"
"res_custom_city_mx_chp_058","base.mx","base.state_mx_chis","Nicolás Ruíz"
"res_custom_city_mx_chp_059","base.mx","base.state_mx_chis","Ocosingo"
"res_custom_city_mx_chp_060","base.mx","base.state_mx_chis","Ocotepec"
"res_custom_city_mx_chp_061","base.mx","base.state_mx_chis","Ocozocoautla de Espinosa"
"res_custom_city_mx_chp_062","base.mx","base.state_mx_chis","Ostuacán"
"res_custom_city_mx_chp_063","base.mx","base.state_mx_chis","Osumacinta"
"res_custom_city_mx_chp_064","base.mx","base.state_mx_chis","Oxchuc"
"res_custom_city_mx_chp_065","base.mx","base.state_mx_chis","Palenque"
"res_custom_city_mx_chp_066","base.mx","base.state_mx_chis","Pantelhó"
"res_custom_city_mx_chp_067","base.mx","base.state_mx_chis","Pantepec"
"res_custom_city_mx_chp_100","base.mx","base.state_mx_chis","Tumbalá"
"res_custom_city_mx_chp_101","base.mx","base.state_mx_chis","Tuxtla Gutiérrez"
"res_custom_city_mx_chp_102","base.mx","base.state_mx_chis","Tuxtla Chico"
"res_custom_city_mx_chp_103","base.mx","base.state_mx_chis","Tuzantán"
"res_custom_city_mx_chp_104","base.mx","base.state_mx_chis","Tzimol"
"res_custom_city_mx_chp_105","base.mx","base.state_mx_chis","Unión Juárez"
"res_custom_city_mx_chp_106","base.mx","base.state_mx_chis","Venustiano Carranza"
"res_custom_city_mx_chp_107","base.mx","base.state_mx_chis","Villa Corzo"
"res_custom_city_mx_chp_108","base.mx","base.state_mx_chis","Villaflores"
"res_custom_city_mx_chp_109","base.mx","base.state_mx_chis","Yajalón"
"res_custom_city_mx_chp_110","base.mx","base.state_mx_chis","San Lucas"
"res_custom_city_mx_chp_111","base.mx","base.state_mx_chis","Zinacantán"
"res_custom_city_mx_chp_112","base.mx","base.state_mx_chis","San Juan Cancuc"
"res_custom_city_mx_chp_113","base.mx","base.state_mx_chis","Aldama"
"res_custom_city_mx_chp_114","base.mx","base.state_mx_chis","Benemérito de las Américas"
"res_custom_city_mx_chp_115","base.mx","base.state_mx_chis","Maravilla Tenejapa"
"res_custom_city_mx_chp_116","base.mx","base.state_mx_chis","Marqués de Comillas"
"res_custom_city_mx_chp_117","base.mx","base.state_mx_chis","Montecristo de Guerrero"
"res_custom_city_mx_chp_118","base.mx","base.state_mx_chis","San Andrés Duraznal"
"res_custom_city_mx_chp_119","base.mx","base.state_mx_chis","Santiago el Pinar"
"res_custom_city_mx_chp_068","base.mx","base.state_mx_chis","Pichucalco"
"res_custom_city_mx_chp_069","base.mx","base.state_mx_chis","Pijijiapan"
"res_custom_city_mx_chp_070","base.mx","base.state_mx_chis","El Porvenir"
"res_custom_city_mx_chp_071","base.mx","base.state_mx_chis","Villa Comaltitlán"
"res_custom_city_mx_chp_072","base.mx","base.state_mx_chis","Pueblo Nuevo Solistahuacán"
"res_custom_city_mx_chp_073","base.mx","base.state_mx_chis","Rayón"
"res_custom_city_mx_chp_074","base.mx","base.state_mx_chis","Reforma"
"res_custom_city_mx_chp_075","base.mx","base.state_mx_chis","Las Rosas"
"res_custom_city_mx_chp_076","base.mx","base.state_mx_chis","Sabanilla"
"res_custom_city_mx_chp_077","base.mx","base.state_mx_chis","Salto de Agua"
"res_custom_city_mx_chp_078","base.mx","base.state_mx_chis","San Cristóbal de las Casas"
"res_custom_city_mx_chp_079","base.mx","base.state_mx_chis","San Fernando"
"res_custom_city_mx_chp_080","base.mx","base.state_mx_chis","Siltepec"
"res_custom_city_mx_chp_081","base.mx","base.state_mx_chis","Simojovel"
"res_custom_city_mx_chp_082","base.mx","base.state_mx_chis","Sitalá"
"res_custom_city_mx_chp_083","base.mx","base.state_mx_chis","Socoltenango"
"res_custom_city_mx_chp_084","base.mx","base.state_mx_chis","Solosuchiapa"
"res_custom_city_mx_chp_085","base.mx","base.state_mx_chis","Soyaló"
"res_custom_city_mx_chp_086","base.mx","base.state_mx_chis","Suchiapa"
"res_custom_city_mx_chp_087","base.mx","base.state_mx_chis","Suchiate"
"res_custom_city_mx_chp_088","base.mx","base.state_mx_chis","Sunuapa"
"res_custom_city_mx_chp_089","base.mx","base.state_mx_chis","Tapachula"
"res_custom_city_mx_chp_090","base.mx","base.state_mx_chis","Tapalapa"
"res_custom_city_mx_chp_091","base.mx","base.state_mx_chis","Tapilula"
"res_custom_city_mx_chp_092","base.mx","base.state_mx_chis","Tecpatán"
"res_custom_city_mx_chp_093","base.mx","base.state_mx_chis","Tenejapa"
"res_custom_city_mx_chp_094","base.mx","base.state_mx_chis","Teopisca"
"res_custom_city_mx_chp_096","base.mx","base.state_mx_chis","Tila"
"res_custom_city_mx_chp_097","base.mx","base.state_mx_chis","Tonalá"
"res_custom_city_mx_chp_098","base.mx","base.state_mx_chis","Totolapa"
"res_custom_city_mx_chp_099","base.mx","base.state_mx_chis","La Trinitaria"
"res_custom_city_mx_coa_001","base.mx","base.state_mx_coah","Abasolo"
"res_custom_city_mx_coa_002","base.mx","base.state_mx_coah","Acuña"
"res_custom_city_mx_coa_003","base.mx","base.state_mx_coah","Allende"
"res_custom_city_mx_coa_004","base.mx","base.state_mx_coah","Arteaga"
"res_custom_city_mx_coa_005","base.mx","base.state_mx_coah","Candela"
"res_custom_city_mx_coa_006","base.mx","base.state_mx_coah","Castaños"
"res_custom_city_mx_coa_007","base.mx","base.state_mx_coah","Cuatro Ciénegas"
"res_custom_city_mx_coa_008","base.mx","base.state_mx_coah","Escobedo"
"res_custom_city_mx_coa_009","base.mx","base.state_mx_coah","Francisco I. Madero"
"res_custom_city_mx_coa_010","base.mx","base.state_mx_coah","Frontera"
"res_custom_city_mx_coa_011","base.mx","base.state_mx_coah","General Cepeda"
"res_custom_city_mx_coa_012","base.mx","base.state_mx_coah","Guerrero"
"res_custom_city_mx_coa_013","base.mx","base.state_mx_coah","Hidalgo"
"res_custom_city_mx_coa_014","base.mx","base.state_mx_coah","Jiménez"
"res_custom_city_mx_coa_015","base.mx","base.state_mx_coah","Juárez"
"res_custom_city_mx_coa_016","base.mx","base.state_mx_coah","Lamadrid"
"res_custom_city_mx_coa_017","base.mx","base.state_mx_coah","Matamoros"
"res_custom_city_mx_coa_018","base.mx","base.state_mx_coah","Monclova"
"res_custom_city_mx_coa_019","base.mx","base.state_mx_coah","Morelos"
"res_custom_city_mx_coa_020","base.mx","base.state_mx_coah","Múzquiz"
"res_custom_city_mx_coa_021","base.mx","base.state_mx_coah","Nadadores"
"res_custom_city_mx_coa_022","base.mx","base.state_mx_coah","Nava"
"res_custom_city_mx_coa_023","base.mx","base.state_mx_coah","Ocampo"
"res_custom_city_mx_coa_024","base.mx","base.state_mx_coah","Parras"
"res_custom_city_mx_coa_025","base.mx","base.state_mx_coah","Piedras Negras"
"res_custom_city_mx_coa_026","base.mx","base.state_mx_coah","Progreso"
"res_custom_city_mx_coa_027","base.mx","base.state_mx_coah","Ramos Arizpe"
"res_custom_city_mx_coa_028","base.mx","base.state_mx_coah","Sabinas"
"res_custom_city_mx_coa_029","base.mx","base.state_mx_coah","Sacramento"
"res_custom_city_mx_coa_030","base.mx","base.state_mx_coah","Saltillo"
"res_custom_city_mx_coa_031","base.mx","base.state_mx_coah","San Buenaventura"
"res_custom_city_mx_coa_032","base.mx","base.state_mx_coah","San Juan de Sabinas"
"res_custom_city_mx_coa_033","base.mx","base.state_mx_coah","San Pedro"
"res_custom_city_mx_coa_034","base.mx","base.state_mx_coah","Sierra Mojada"
"res_custom_city_mx_coa_035","base.mx","base.state_mx_coah","Torreón"
"res_custom_city_mx_coa_036","base.mx","base.state_mx_coah","Viesca"
"res_custom_city_mx_coa_037","base.mx","base.state_mx_coah","Villa Unión"
"res_custom_city_mx_coa_038","base.mx","base.state_mx_coah","Zaragoza"
"res_custom_city_mx_col_001","base.mx","base.state_mx_col","Armería"
"res_custom_city_mx_col_002","base.mx","base.state_mx_col","Colima"
"res_custom_city_mx_col_003","base.mx","base.state_mx_col","Comala"
"res_custom_city_mx_col_004","base.mx","base.state_mx_col","Coquimatlán"
"res_custom_city_mx_col_005","base.mx","base.state_mx_col","Cuauhtémoc"
"res_custom_city_mx_col_006","base.mx","base.state_mx_col","Ixtlahuacán"
"res_custom_city_mx_col_007","base.mx","base.state_mx_col","Manzanillo"
"res_custom_city_mx_col_008","base.mx","base.state_mx_col","Minatitlán"
"res_custom_city_mx_col_009","base.mx","base.state_mx_col","Tecomán"
"res_custom_city_mx_col_010","base.mx","base.state_mx_col","Villa de Álvarez"
"res_custom_city_mx_cmx_002","base.mx","base.state_mx_df","Azcapotzalco"
"res_custom_city_mx_cmx_003","base.mx","base.state_mx_df","Coyoacán"
"res_custom_city_mx_cmx_004","base.mx","base.state_mx_df","Cuajimalpa de Morelos"
"res_custom_city_mx_cmx_005","base.mx","base.state_mx_df","Gustavo A. Madero"
"res_custom_city_mx_cmx_006","base.mx","base.state_mx_df","Iztacalco"
"res_custom_city_mx_cmx_007","base.mx","base.state_mx_df","Iztapalapa"
"res_custom_city_mx_cmx_008","base.mx","base.state_mx_df","La Magdalena Contreras"
"res_custom_city_mx_cmx_009","base.mx","base.state_mx_df","Milpa Alta"
"res_custom_city_mx_cmx_010","base.mx","base.state_mx_df","Álvaro Obregón"
"res_custom_city_mx_cmx_011","base.mx","base.state_mx_df","Tláhuac"
"res_custom_city_mx_cmx_012","base.mx","base.state_mx_df","Tlalpan"
"res_custom_city_mx_cmx_013","base.mx","base.state_mx_df","Xochimilco"
"res_custom_city_mx_cmx_014","base.mx","base.state_mx_df","Benito Juárez"
"res_custom_city_mx_cmx_015","base.mx","base.state_mx_df","Cuauhtémoc"
"res_custom_city_mx_cmx_016","base.mx","base.state_mx_df","Miguel Hidalgo"
"res_custom_city_mx_cmx_017","base.mx","base.state_mx_df","Venustiano Carranza"
"res_custom_city_mx_dur_001","base.mx","base.state_mx_dgo","Canatlán"
"res_custom_city_mx_dur_002","base.mx","base.state_mx_dgo","Canelas"
"res_custom_city_mx_dur_003","base.mx","base.state_mx_dgo","Coneto de Comonfort"
"res_custom_city_mx_dur_004","base.mx","base.state_mx_dgo","Cuencamé"
"res_custom_city_mx_dur_005","base.mx","base.state_mx_dgo","Durango"
"res_custom_city_mx_dur_006","base.mx","base.state_mx_dgo","General Simón Bolívar"
"res_custom_city_mx_dur_007","base.mx","base.state_mx_dgo","Gómez Palacio"
"res_custom_city_mx_dur_008","base.mx","base.state_mx_dgo","Guadalupe Victoria"
"res_custom_city_mx_dur_009","base.mx","base.state_mx_dgo","Guanaceví"
"res_custom_city_mx_dur_010","base.mx","base.state_mx_dgo","Hidalgo"
"res_custom_city_mx_dur_011","base.mx","base.state_mx_dgo","Indé"
"res_custom_city_mx_dur_012","base.mx","base.state_mx_dgo","Lerdo"
"res_custom_city_mx_dur_013","base.mx","base.state_mx_dgo","Mapimí"
"res_custom_city_mx_dur_014","base.mx","base.state_mx_dgo","Mezquital"
"res_custom_city_mx_dur_015","base.mx","base.state_mx_dgo","Nazas"
"res_custom_city_mx_dur_016","base.mx","base.state_mx_dgo","Nombre de Dios"
"res_custom_city_mx_dur_017","base.mx","base.state_mx_dgo","Ocampo"
"res_custom_city_mx_dur_018","base.mx","base.state_mx_dgo","El Oro"
"res_custom_city_mx_dur_019","base.mx","base.state_mx_dgo","Otáez"
"res_custom_city_mx_dur_020","base.mx","base.state_mx_dgo","Pánuco de Coronado"
"res_custom_city_mx_dur_021","base.mx","base.state_mx_dgo","Peñón Blanco"
"res_custom_city_mx_dur_022","base.mx","base.state_mx_dgo","Poanas"
"res_custom_city_mx_dur_023","base.mx","base.state_mx_dgo","Pueblo Nuevo"
"res_custom_city_mx_dur_024","base.mx","base.state_mx_dgo","Rodeo"
"res_custom_city_mx_dur_025","base.mx","base.state_mx_dgo","San Bernardo"
"res_custom_city_mx_dur_026","base.mx","base.state_mx_dgo","San Dimas"
"res_custom_city_mx_dur_027","base.mx","base.state_mx_dgo","San Juan de Guadalupe"
"res_custom_city_mx_dur_028","base.mx","base.state_mx_dgo","San Juan del Río"
"res_custom_city_mx_dur_029","base.mx","base.state_mx_dgo","San Luis del Cordero"
"res_custom_city_mx_dur_030","base.mx","base.state_mx_dgo","San Pedro del Gallo"
"res_custom_city_mx_dur_031","base.mx","base.state_mx_dgo","Santa Clara"
"res_custom_city_mx_dur_032","base.mx","base.state_mx_dgo","Santiago Papasquiaro"
"res_custom_city_mx_dur_033","base.mx","base.state_mx_dgo","Súchil"
"res_custom_city_mx_dur_034","base.mx","base.state_mx_dgo","Tamazula"
"res_custom_city_mx_dur_035","base.mx","base.state_mx_dgo","Tepehuanes"
"res_custom_city_mx_dur_036","base.mx","base.state_mx_dgo","Tlahualilo"
"res_custom_city_mx_dur_037","base.mx","base.state_mx_dgo","Topia"
"res_custom_city_mx_dur_038","base.mx","base.state_mx_dgo","Vicente Guerrero"
"res_custom_city_mx_dur_039","base.mx","base.state_mx_dgo","Nuevo Ideal"
"res_custom_city_mx_gro_001","base.mx","base.state_mx_gro","Acapulco de Juárez"
"res_custom_city_mx_gro_002","base.mx","base.state_mx_gro","Ahuacuotzingo"
"res_custom_city_mx_gro_003","base.mx","base.state_mx_gro","Ajuchitlán del Progreso"
"res_custom_city_mx_gro_004","base.mx","base.state_mx_gro","Alcozauca de Guerrero"
"res_custom_city_mx_gro_005","base.mx","base.state_mx_gro","Alpoyeca"
"res_custom_city_mx_gro_006","base.mx","base.state_mx_gro","Apaxtla"
"res_custom_city_mx_gro_007","base.mx","base.state_mx_gro","Arcelia"
"res_custom_city_mx_gro_008","base.mx","base.state_mx_gro","Atenango del Río"
"res_custom_city_mx_gro_009","base.mx","base.state_mx_gro","Atlamajalcingo del Monte"
"res_custom_city_mx_gro_010","base.mx","base.state_mx_gro","Atlixtac"
"res_custom_city_mx_gro_011","base.mx","base.state_mx_gro","Atoyac de Álvarez"
"res_custom_city_mx_gro_012","base.mx","base.state_mx_gro","Ayutla de los Libres"
"res_custom_city_mx_gro_013","base.mx","base.state_mx_gro","Azoyú"
"res_custom_city_mx_gro_014","base.mx","base.state_mx_gro","Benito Juárez"
"res_custom_city_mx_gro_015","base.mx","base.state_mx_gro","Buenavista de Cuéllar"
"res_custom_city_mx_gro_016","base.mx","base.state_mx_gro","Coahuayutla de José María Izazaga"
"res_custom_city_mx_gro_017","base.mx","base.state_mx_gro","Cocula"
"res_custom_city_mx_gro_018","base.mx","base.state_mx_gro","Copala"
"res_custom_city_mx_gro_019","base.mx","base.state_mx_gro","Copalillo"
"res_custom_city_mx_gro_020","base.mx","base.state_mx_gro","Copanatoyac"
"res_custom_city_mx_gro_021","base.mx","base.state_mx_gro","Coyuca de Benítez"
"res_custom_city_mx_gro_022","base.mx","base.state_mx_gro","Coyuca de Catalán"
"res_custom_city_mx_gro_023","base.mx","base.state_mx_gro","Cuajinicuilapa"
"res_custom_city_mx_gro_024","base.mx","base.state_mx_gro","Cualác"
"res_custom_city_mx_gro_025","base.mx","base.state_mx_gro","Cuautepec"
"res_custom_city_mx_gro_026","base.mx","base.state_mx_gro","Cuetzala del Progreso"
"res_custom_city_mx_gro_027","base.mx","base.state_mx_gro","Cutzamala de Pinzón"
"res_custom_city_mx_gro_028","base.mx","base.state_mx_gro","Chilapa de Álvarez"
"res_custom_city_mx_gro_029","base.mx","base.state_mx_gro","Chilpancingo de los Bravo"
"res_custom_city_mx_gro_030","base.mx","base.state_mx_gro","Florencio Villarreal"
"res_custom_city_mx_gro_031","base.mx","base.state_mx_gro","General Canuto A. Neri"
"res_custom_city_mx_gro_032","base.mx","base.state_mx_gro","General Heliodoro Castillo"
"res_custom_city_mx_gro_033","base.mx","base.state_mx_gro","Huamuxtitlán"
"res_custom_city_mx_gro_034","base.mx","base.state_mx_gro","Huitzuco de los Figueroa"
"res_custom_city_mx_gro_035","base.mx","base.state_mx_gro","Iguala de la Independencia"
"res_custom_city_mx_gro_036","base.mx","base.state_mx_gro","Igualapa"
"res_custom_city_mx_gro_037","base.mx","base.state_mx_gro","Ixcateopan de Cuauhtémoc"
"res_custom_city_mx_gro_038","base.mx","base.state_mx_gro","Zihuatanejo de Azueta"
"res_custom_city_mx_gro_039","base.mx","base.state_mx_gro","Juan R. Escudero"
"res_custom_city_mx_gro_040","base.mx","base.state_mx_gro","Leonardo Bravo"
"res_custom_city_mx_gro_041","base.mx","base.state_mx_gro","Malinaltepec"
"res_custom_city_mx_gro_042","base.mx","base.state_mx_gro","Mártir de Cuilapan"
"res_custom_city_mx_gro_043","base.mx","base.state_mx_gro","Metlatónoc"
"res_custom_city_mx_gro_044","base.mx","base.state_mx_gro","Mochitlán"
"res_custom_city_mx_gro_045","base.mx","base.state_mx_gro","Olinalá"
"res_custom_city_mx_gro_046","base.mx","base.state_mx_gro","Ometepec"
"res_custom_city_mx_gro_047","base.mx","base.state_mx_gro","Pedro Ascencio Alquisiras"
"res_custom_city_mx_gro_048","base.mx","base.state_mx_gro","Petatlán"
"res_custom_city_mx_gro_049","base.mx","base.state_mx_gro","Pilcaya"
"res_custom_city_mx_gro_050","base.mx","base.state_mx_gro","Pungarabato"
"res_custom_city_mx_gro_051","base.mx","base.state_mx_gro","Quechultenango"
"res_custom_city_mx_gro_052","base.mx","base.state_mx_gro","San Luis Acatlán"
"res_custom_city_mx_gro_053","base.mx","base.state_mx_gro","San Marcos"
"res_custom_city_mx_gro_054","base.mx","base.state_mx_gro","San Miguel Totolapan"
"res_custom_city_mx_gro_055","base.mx","base.state_mx_gro","Taxco de Alarcón"
"res_custom_city_mx_gro_056","base.mx","base.state_mx_gro","Tecoanapa"
"res_custom_city_mx_gro_057","base.mx","base.state_mx_gro","Técpan de Galeana"
"res_custom_city_mx_gro_058","base.mx","base.state_mx_gro","Teloloapan"
"res_custom_city_mx_gro_059","base.mx","base.state_mx_gro","Tepecoacuilco de Trujano"
"res_custom_city_mx_gro_060","base.mx","base.state_mx_gro","Tetipac"
"res_custom_city_mx_gro_061","base.mx","base.state_mx_gro","Tixtla de Guerrero"
"res_custom_city_mx_gro_062","base.mx","base.state_mx_gro","Tlacoachistlahuaca"
"res_custom_city_mx_gro_063","base.mx","base.state_mx_gro","Tlacoapa"
"res_custom_city_mx_gro_064","base.mx","base.state_mx_gro","Tlalchapa"
"res_custom_city_mx_gro_065","base.mx","base.state_mx_gro","Tlalixtaquilla de Maldonado"
"res_custom_city_mx_gro_066","base.mx","base.state_mx_gro","Tlapa de Comonfort"
"res_custom_city_mx_gro_067","base.mx","base.state_mx_gro","Tlapehuala"
"res_custom_city_mx_gro_068","base.mx","base.state_mx_gro","La Unión de Isidoro Montes de Oca"
"res_custom_city_mx_gro_069","base.mx","base.state_mx_gro","Xalpatláhuac"
"res_custom_city_mx_gro_070","base.mx","base.state_mx_gro","Xochihuehuetlán"
"res_custom_city_mx_gro_071","base.mx","base.state_mx_gro","Xochistlahuaca"
"res_custom_city_mx_gro_072","base.mx","base.state_mx_gro","Zapotitlán Tablas"
"res_custom_city_mx_gro_073","base.mx","base.state_mx_gro","Zirándaro"
"res_custom_city_mx_gro_074","base.mx","base.state_mx_gro","Zitlala"
"res_custom_city_mx_gro_075","base.mx","base.state_mx_gro","Eduardo Neri"
"res_custom_city_mx_gro_076","base.mx","base.state_mx_gro","Acatepec"
"res_custom_city_mx_gro_077","base.mx","base.state_mx_gro","Marquelia"
"res_custom_city_mx_gro_078","base.mx","base.state_mx_gro","Cochoapa el Grande"
"res_custom_city_mx_gro_079","base.mx","base.state_mx_gro","José Joaquín de Herrera"
"res_custom_city_mx_gro_080","base.mx","base.state_mx_gro","Juchitán"
"res_custom_city_mx_gro_081","base.mx","base.state_mx_gro","Iliatenco"
"res_custom_city_mx_gua_001","base.mx","base.state_mx_gto","Abasolo"
"res_custom_city_mx_gua_002","base.mx","base.state_mx_gto","Acámbaro"
"res_custom_city_mx_gua_003","base.mx","base.state_mx_gto","San Miguel de Allende"
"res_custom_city_mx_gua_004","base.mx","base.state_mx_gto","Apaseo el Alto"
"res_custom_city_mx_gua_005","base.mx","base.state_mx_gto","Apaseo el Grande"
"res_custom_city_mx_gua_006","base.mx","base.state_mx_gto","Atarjea"
"res_custom_city_mx_gua_007","base.mx","base.state_mx_gto","Celaya"
"res_custom_city_mx_gua_008","base.mx","base.state_mx_gto","Manuel Doblado"
"res_custom_city_mx_gua_009","base.mx","base.state_mx_gto","Comonfort"
"res_custom_city_mx_gua_010","base.mx","base.state_mx_gto","Coroneo"
"res_custom_city_mx_gua_011","base.mx","base.state_mx_gto","Cortazar"
"res_custom_city_mx_gua_012","base.mx","base.state_mx_gto","Cuerámaro"
"res_custom_city_mx_gua_013","base.mx","base.state_mx_gto","Doctor Mora"
"res_custom_city_mx_gua_014","base.mx","base.state_mx_gto","Dolores Hidalgo Cuna de la Independencia Nacional"
"res_custom_city_mx_gua_015","base.mx","base.state_mx_gto","Guanajuato"
"res_custom_city_mx_gua_016","base.mx","base.state_mx_gto","Huanímaro"
"res_custom_city_mx_gua_017","base.mx","base.state_mx_gto","Irapuato"
"res_custom_city_mx_gua_018","base.mx","base.state_mx_gto","Jaral del Progreso"
"res_custom_city_mx_gua_019","base.mx","base.state_mx_gto","Jerécuaro"
"res_custom_city_mx_gua_020","base.mx","base.state_mx_gto","León"
"res_custom_city_mx_gua_021","base.mx","base.state_mx_gto","Moroleón"
"res_custom_city_mx_gua_022","base.mx","base.state_mx_gto","Ocampo"
"res_custom_city_mx_gua_023","base.mx","base.state_mx_gto","Pénjamo"
"res_custom_city_mx_gua_024","base.mx","base.state_mx_gto","Pueblo Nuevo"
"res_custom_city_mx_gua_025","base.mx","base.state_mx_gto","Purísima del Rincón"
"res_custom_city_mx_gua_026","base.mx","base.state_mx_gto","Romita"
"res_custom_city_mx_gua_027","base.mx","base.state_mx_gto","Salamanca"
"res_custom_city_mx_gua_028","base.mx","base.state_mx_gto","Salvatierra"
"res_custom_city_mx_gua_029","base.mx","base.state_mx_gto","San Diego de la Unión"
"res_custom_city_mx_gua_030","base.mx","base.state_mx_gto","San Felipe"
"res_custom_city_mx_gua_031","base.mx","base.state_mx_gto","San Francisco del Rincón"
"res_custom_city_mx_gua_032","base.mx","base.state_mx_gto","San José Iturbide"
"res_custom_city_mx_gua_033","base.mx","base.state_mx_gto","San Luis de la Paz"
"res_custom_city_mx_gua_034","base.mx","base.state_mx_gto","Santa Catarina"
"res_custom_city_mx_gua_035","base.mx","base.state_mx_gto","Santa Cruz de Juventino Rosas"
"res_custom_city_mx_gua_036","base.mx","base.state_mx_gto","Santiago Maravatío"
"res_custom_city_mx_gua_037","base.mx","base.state_mx_gto","Silao de la Victoria"
"res_custom_city_mx_gua_038","base.mx","base.state_mx_gto","Tarandacuao"
"res_custom_city_mx_gua_039","base.mx","base.state_mx_gto","Tarimoro"
"res_custom_city_mx_gua_040","base.mx","base.state_mx_gto","Tierra Blanca"
"res_custom_city_mx_gua_041","base.mx","base.state_mx_gto","Uriangato"
"res_custom_city_mx_gua_042","base.mx","base.state_mx_gto","Valle de Santiago"
"res_custom_city_mx_gua_043","base.mx","base.state_mx_gto","Victoria"
"res_custom_city_mx_gua_044","base.mx","base.state_mx_gto","Villagrán"
"res_custom_city_mx_gua_045","base.mx","base.state_mx_gto","Xichú"
"res_custom_city_mx_gua_046","base.mx","base.state_mx_gto","Yuriria"
"res_custom_city_mx_hid_001","base.mx","base.state_mx_hgo","Acatlán"
"res_custom_city_mx_hid_002","base.mx","base.state_mx_hgo","Acaxochitlán"
"res_custom_city_mx_hid_003","base.mx","base.state_mx_hgo","Actopan"
"res_custom_city_mx_hid_004","base.mx","base.state_mx_hgo","Agua Blanca de Iturbide"
"res_custom_city_mx_hid_005","base.mx","base.state_mx_hgo","Ajacuba"
"res_custom_city_mx_hid_006","base.mx","base.state_mx_hgo","Alfajayucan"
"res_custom_city_mx_hid_007","base.mx","base.state_mx_hgo","Almoloya"
"res_custom_city_mx_hid_008","base.mx","base.state_mx_hgo","Apan"
"res_custom_city_mx_hid_009","base.mx","base.state_mx_hgo","El Arenal"
"res_custom_city_mx_hid_010","base.mx","base.state_mx_hgo","Atitalaquia"
"res_custom_city_mx_hid_011","base.mx","base.state_mx_hgo","Atlapexco"
"res_custom_city_mx_hid_012","base.mx","base.state_mx_hgo","Atotonilco el Grande"
"res_custom_city_mx_hid_013","base.mx","base.state_mx_hgo","Atotonilco de Tula"
"res_custom_city_mx_hid_014","base.mx","base.state_mx_hgo","Calnali"
"res_custom_city_mx_hid_015","base.mx","base.state_mx_hgo","Cardonal"
"res_custom_city_mx_hid_016","base.mx","base.state_mx_hgo","Cuautepec de Hinojosa"
"res_custom_city_mx_hid_017","base.mx","base.state_mx_hgo","Chapantongo"
"res_custom_city_mx_hid_018","base.mx","base.state_mx_hgo","Chapulhuacán"
"res_custom_city_mx_hid_019","base.mx","base.state_mx_hgo","Chilcuautla"
"res_custom_city_mx_hid_020","base.mx","base.state_mx_hgo","Eloxochitlán"
"res_custom_city_mx_hid_021","base.mx","base.state_mx_hgo","Emiliano Zapata"
"res_custom_city_mx_hid_022","base.mx","base.state_mx_hgo","Epazoyucan"
"res_custom_city_mx_hid_023","base.mx","base.state_mx_hgo","Francisco I. Madero"
"res_custom_city_mx_hid_024","base.mx","base.state_mx_hgo","Huasca de Ocampo"
"res_custom_city_mx_hid_025","base.mx","base.state_mx_hgo","Huautla"
"res_custom_city_mx_hid_026","base.mx","base.state_mx_hgo","Huazalingo"
"res_custom_city_mx_hid_027","base.mx","base.state_mx_hgo","Huehuetla"
"res_custom_city_mx_hid_028","base.mx","base.state_mx_hgo","Huejutla de Reyes"
"res_custom_city_mx_hid_029","base.mx","base.state_mx_hgo","Huichapan"
"res_custom_city_mx_hid_030","base.mx","base.state_mx_hgo","Ixmiquilpan"
"res_custom_city_mx_hid_031","base.mx","base.state_mx_hgo","Jacala de Ledezma"
"res_custom_city_mx_hid_032","base.mx","base.state_mx_hgo","Jaltocán"
"res_custom_city_mx_hid_033","base.mx","base.state_mx_hgo","Juárez Hidalgo"
"res_custom_city_mx_hid_034","base.mx","base.state_mx_hgo","Lolotla"
"res_custom_city_mx_hid_035","base.mx","base.state_mx_hgo","Metepec"
"res_custom_city_mx_hid_036","base.mx","base.state_mx_hgo","San Agustín Metzquititlán"
"res_custom_city_mx_hid_037","base.mx","base.state_mx_hgo","Metztitlán"
"res_custom_city_mx_hid_038","base.mx","base.state_mx_hgo","Mineral del Chico"
"res_custom_city_mx_hid_039","base.mx","base.state_mx_hgo","Mineral del Monte"
"res_custom_city_mx_hid_040","base.mx","base.state_mx_hgo","La Misión"
"res_custom_city_mx_hid_041","base.mx","base.state_mx_hgo","Mixquiahuala de Juárez"
"res_custom_city_mx_hid_042","base.mx","base.state_mx_hgo","Molango de Escamilla"
"res_custom_city_mx_hid_043","base.mx","base.state_mx_hgo","Nicolás Flores"
"res_custom_city_mx_hid_044","base.mx","base.state_mx_hgo","Nopala de Villagrán"
"res_custom_city_mx_hid_045","base.mx","base.state_mx_hgo","Omitlán de Juárez"
"res_custom_city_mx_hid_046","base.mx","base.state_mx_hgo","San Felipe Orizatlán"
"res_custom_city_mx_hid_047","base.mx","base.state_mx_hgo","Pacula"
"res_custom_city_mx_hid_048","base.mx","base.state_mx_hgo","Pachuca de Soto"
"res_custom_city_mx_hid_049","base.mx","base.state_mx_hgo","Pisaflores"
"res_custom_city_mx_hid_050","base.mx","base.state_mx_hgo","Progreso de Obregón"
"res_custom_city_mx_hid_051","base.mx","base.state_mx_hgo","Mineral de la Reforma"
"res_custom_city_mx_hid_052","base.mx","base.state_mx_hgo","San Agustín Tlaxiaca"
"res_custom_city_mx_hid_053","base.mx","base.state_mx_hgo","San Bartolo Tutotepec"
"res_custom_city_mx_hid_054","base.mx","base.state_mx_hgo","San Salvador"
"res_custom_city_mx_hid_055","base.mx","base.state_mx_hgo","Santiago de Anaya"
"res_custom_city_mx_hid_056","base.mx","base.state_mx_hgo","Santiago Tulantepec de Lugo Guerrero"
"res_custom_city_mx_hid_057","base.mx","base.state_mx_hgo","Singuilucan"
"res_custom_city_mx_hid_058","base.mx","base.state_mx_hgo","Tasquillo"
"res_custom_city_mx_hid_059","base.mx","base.state_mx_hgo","Tecozautla"
"res_custom_city_mx_hid_060","base.mx","base.state_mx_hgo","Tenango de Doria"
"res_custom_city_mx_hid_061","base.mx","base.state_mx_hgo","Tepeapulco"
"res_custom_city_mx_hid_062","base.mx","base.state_mx_hgo","Tepehuacán de Guerrero"
"res_custom_city_mx_hid_063","base.mx","base.state_mx_hgo","Tepeji del Río de Ocampo"
"res_custom_city_mx_hid_064","base.mx","base.state_mx_hgo","Tepetitlán"
"res_custom_city_mx_hid_065","base.mx","base.state_mx_hgo","Tetepango"
"res_custom_city_mx_hid_066","base.mx","base.state_mx_hgo","Villa de Tezontepec"
"res_custom_city_mx_hid_067","base.mx","base.state_mx_hgo","Tezontepec de Aldama"
"res_custom_city_mx_hid_068","base.mx","base.state_mx_hgo","Tianguistengo"
"res_custom_city_mx_hid_069","base.mx","base.state_mx_hgo","Tizayuca"
"res_custom_city_mx_hid_070","base.mx","base.state_mx_hgo","Tlahuelilpan"
"res_custom_city_mx_hid_071","base.mx","base.state_mx_hgo","Tlahuiltepa"
"res_custom_city_mx_hid_072","base.mx","base.state_mx_hgo","Tlanalapa"
"res_custom_city_mx_hid_073","base.mx","base.state_mx_hgo","Tlanchinol"
"res_custom_city_mx_hid_074","base.mx","base.state_mx_hgo","Tlaxcoapan"
"res_custom_city_mx_hid_075","base.mx","base.state_mx_hgo","Tolcayuca"
"res_custom_city_mx_hid_076","base.mx","base.state_mx_hgo","Tula de Allende"
"res_custom_city_mx_hid_077","base.mx","base.state_mx_hgo","Tulancingo de Bravo"
"res_custom_city_mx_hid_078","base.mx","base.state_mx_hgo","Xochiatipan"
"res_custom_city_mx_hid_079","base.mx","base.state_mx_hgo","Xochicoatlán"
"res_custom_city_mx_hid_080","base.mx","base.state_mx_hgo","Yahualica"
"res_custom_city_mx_hid_081","base.mx","base.state_mx_hgo","Zacualtipán de Ángeles"
"res_custom_city_mx_hid_082","base.mx","base.state_mx_hgo","Zapotlán de Juárez"
"res_custom_city_mx_hid_083","base.mx","base.state_mx_hgo","Zempoala"
"res_custom_city_mx_hid_084","base.mx","base.state_mx_hgo","Zimapán"
"res_custom_city_mx_jal_001","base.mx","base.state_mx_jal","Acatic"
"res_custom_city_mx_jal_002","base.mx","base.state_mx_jal","Acatlán de Juárez"
"res_custom_city_mx_jal_003","base.mx","base.state_mx_jal","Ahualulco de Mercado"
"res_custom_city_mx_jal_004","base.mx","base.state_mx_jal","Amacueca"
"res_custom_city_mx_jal_005","base.mx","base.state_mx_jal","Amatitán"
"res_custom_city_mx_jal_006","base.mx","base.state_mx_jal","Ameca"
"res_custom_city_mx_jal_007","base.mx","base.state_mx_jal","San Juanito de Escobedo"
"res_custom_city_mx_jal_008","base.mx","base.state_mx_jal","Arandas"
"res_custom_city_mx_jal_009","base.mx","base.state_mx_jal","El Arenal"
"res_custom_city_mx_jal_010","base.mx","base.state_mx_jal","Atemajac de Brizuela"
"res_custom_city_mx_jal_011","base.mx","base.state_mx_jal","Atengo"
"res_custom_city_mx_jal_012","base.mx","base.state_mx_jal","Atenguillo"
"res_custom_city_mx_jal_013","base.mx","base.state_mx_jal","Atotonilco el Alto"
"res_custom_city_mx_jal_014","base.mx","base.state_mx_jal","Atoyac"
"res_custom_city_mx_jal_015","base.mx","base.state_mx_jal","Autlán de Navarro"
"res_custom_city_mx_jal_016","base.mx","base.state_mx_jal","Ayotlán"
"res_custom_city_mx_jal_017","base.mx","base.state_mx_jal","Ayutla"
"res_custom_city_mx_jal_018","base.mx","base.state_mx_jal","La Barca"
"res_custom_city_mx_jal_019","base.mx","base.state_mx_jal","Bolaños"
"res_custom_city_mx_jal_020","base.mx","base.state_mx_jal","Cabo Corrientes"
"res_custom_city_mx_jal_021","base.mx","base.state_mx_jal","Casimiro Castillo"
"res_custom_city_mx_jal_022","base.mx","base.state_mx_jal","Cihuatlán"
"res_custom_city_mx_jal_023","base.mx","base.state_mx_jal","Zapotlán el Grande"
"res_custom_city_mx_jal_024","base.mx","base.state_mx_jal","Cocula"
"res_custom_city_mx_jal_025","base.mx","base.state_mx_jal","Colotlán"
"res_custom_city_mx_jal_026","base.mx","base.state_mx_jal","Concepción de Buenos Aires"
"res_custom_city_mx_jal_027","base.mx","base.state_mx_jal","Cuautitlán de García Barragán"
"res_custom_city_mx_jal_028","base.mx","base.state_mx_jal","Cuautla"
"res_custom_city_mx_jal_029","base.mx","base.state_mx_jal","Cuquío"
"res_custom_city_mx_jal_030","base.mx","base.state_mx_jal","Chapala"
"res_custom_city_mx_jal_031","base.mx","base.state_mx_jal","Chimaltitán"
"res_custom_city_mx_jal_032","base.mx","base.state_mx_jal","Chiquilistlán"
"res_custom_city_mx_jal_033","base.mx","base.state_mx_jal","Degollado"
"res_custom_city_mx_jal_034","base.mx","base.state_mx_jal","Ejutla"
"res_custom_city_mx_jal_035","base.mx","base.state_mx_jal","Encarnación de Díaz"
"res_custom_city_mx_jal_036","base.mx","base.state_mx_jal","Etzatlán"
"res_custom_city_mx_jal_037","base.mx","base.state_mx_jal","El Grullo"
"res_custom_city_mx_jal_038","base.mx","base.state_mx_jal","Guachinango"
"res_custom_city_mx_jal_039","base.mx","base.state_mx_jal","Guadalajara"
"res_custom_city_mx_jal_040","base.mx","base.state_mx_jal","Hostotipaquillo"
"res_custom_city_mx_jal_041","base.mx","base.state_mx_jal","Huejúcar"
"res_custom_city_mx_jal_042","base.mx","base.state_mx_jal","Huejuquilla el Alto"
"res_custom_city_mx_jal_043","base.mx","base.state_mx_jal","La Huerta"
"res_custom_city_mx_jal_044","base.mx","base.state_mx_jal","Ixtlahuacán de los Membrillos"
"res_custom_city_mx_jal_045","base.mx","base.state_mx_jal","Ixtlahuacán del Río"
"res_custom_city_mx_jal_046","base.mx","base.state_mx_jal","Jalostotitlán"
"res_custom_city_mx_jal_047","base.mx","base.state_mx_jal","Jamay"
"res_custom_city_mx_jal_048","base.mx","base.state_mx_jal","Jesús María"
"res_custom_city_mx_jal_049","base.mx","base.state_mx_jal","Jilotlán de los Dolores"
"res_custom_city_mx_jal_050","base.mx","base.state_mx_jal","Jocotepec"
"res_custom_city_mx_jal_051","base.mx","base.state_mx_jal","Juanacatlán"
"res_custom_city_mx_jal_052","base.mx","base.state_mx_jal","Juchitlán"
"res_custom_city_mx_jal_053","base.mx","base.state_mx_jal","Lagos de Moreno"
"res_custom_city_mx_jal_054","base.mx","base.state_mx_jal","El Limón"
"res_custom_city_mx_jal_055","base.mx","base.state_mx_jal","Magdalena"
"res_custom_city_mx_jal_056","base.mx","base.state_mx_jal","Santa María del Oro"
"res_custom_city_mx_jal_057","base.mx","base.state_mx_jal","La Manzanilla de la Paz"
"res_custom_city_mx_jal_058","base.mx","base.state_mx_jal","Mascota"
"res_custom_city_mx_jal_059","base.mx","base.state_mx_jal","Mazamitla"
"res_custom_city_mx_jal_060","base.mx","base.state_mx_jal","Mexticacán"
"res_custom_city_mx_jal_061","base.mx","base.state_mx_jal","Mezquitic"
"res_custom_city_mx_jal_062","base.mx","base.state_mx_jal","Mixtlán"
"res_custom_city_mx_jal_063","base.mx","base.state_mx_jal","Ocotlán"
"res_custom_city_mx_jal_064","base.mx","base.state_mx_jal","Ojuelos de Jalisco"
"res_custom_city_mx_jal_065","base.mx","base.state_mx_jal","Pihuamo"
"res_custom_city_mx_jal_066","base.mx","base.state_mx_jal","Poncitlán"
"res_custom_city_mx_jal_067","base.mx","base.state_mx_jal","Puerto Vallarta"
"res_custom_city_mx_jal_068","base.mx","base.state_mx_jal","Villa Purificación"
"res_custom_city_mx_jal_069","base.mx","base.state_mx_jal","Quitupan"
"res_custom_city_mx_jal_070","base.mx","base.state_mx_jal","El Salto"
"res_custom_city_mx_jal_071","base.mx","base.state_mx_jal","San Cristóbal de la Barranca"
"res_custom_city_mx_jal_072","base.mx","base.state_mx_jal","San Diego de Alejandría"
"res_custom_city_mx_jal_073","base.mx","base.state_mx_jal","San Juan de los Lagos"
"res_custom_city_mx_jal_074","base.mx","base.state_mx_jal","San Julián"
"res_custom_city_mx_jal_075","base.mx","base.state_mx_jal","San Marcos"
"res_custom_city_mx_jal_076","base.mx","base.state_mx_jal","San Martín de Bolaños"
"res_custom_city_mx_jal_077","base.mx","base.state_mx_jal","San Martín Hidalgo"
"res_custom_city_mx_jal_078","base.mx","base.state_mx_jal","San Miguel el Alto"
"res_custom_city_mx_jal_079","base.mx","base.state_mx_jal","Gómez Farías"
"res_custom_city_mx_jal_080","base.mx","base.state_mx_jal","San Sebastián del Oeste"
"res_custom_city_mx_jal_081","base.mx","base.state_mx_jal","Santa María de los Ángeles"
"res_custom_city_mx_jal_082","base.mx","base.state_mx_jal","Sayula"
"res_custom_city_mx_jal_083","base.mx","base.state_mx_jal","Tala"
"res_custom_city_mx_jal_084","base.mx","base.state_mx_jal","Talpa de Allende"
"res_custom_city_mx_jal_085","base.mx","base.state_mx_jal","Tamazula de Gordiano"
"res_custom_city_mx_jal_086","base.mx","base.state_mx_jal","Tapalpa"
"res_custom_city_mx_jal_087","base.mx","base.state_mx_jal","Tecalitlán"
"res_custom_city_mx_jal_088","base.mx","base.state_mx_jal","Tecolotlán"
"res_custom_city_mx_jal_089","base.mx","base.state_mx_jal","Techaluta de Montenegro"
"res_custom_city_mx_jal_090","base.mx","base.state_mx_jal","Tenamaxtlán"
"res_custom_city_mx_jal_091","base.mx","base.state_mx_jal","Teocaltiche"
"res_custom_city_mx_jal_092","base.mx","base.state_mx_jal","Teocuitatlán de Corona"
"res_custom_city_mx_jal_093","base.mx","base.state_mx_jal","Tepatitlán de Morelos"
"res_custom_city_mx_jal_094","base.mx","base.state_mx_jal","Tequila"
"res_custom_city_mx_jal_095","base.mx","base.state_mx_jal","Teuchitlán"
"res_custom_city_mx_jal_096","base.mx","base.state_mx_jal","Tizapán el Alto"
"res_custom_city_mx_jal_097","base.mx","base.state_mx_jal","Tlajomulco de Zúñiga"
"res_custom_city_mx_jal_098","base.mx","base.state_mx_jal","San Pedro Tlaquepaque"
"res_custom_city_mx_jal_099","base.mx","base.state_mx_jal","Tolimán"
"res_custom_city_mx_jal_100","base.mx","base.state_mx_jal","Tomatlán"
"res_custom_city_mx_jal_101","base.mx","base.state_mx_jal","Tonalá"
"res_custom_city_mx_jal_102","base.mx","base.state_mx_jal","Tonaya"
"res_custom_city_mx_jal_103","base.mx","base.state_mx_jal","Tonila"
"res_custom_city_mx_jal_104","base.mx","base.state_mx_jal","Totatiche"
"res_custom_city_mx_jal_105","base.mx","base.state_mx_jal","Tototlán"
"res_custom_city_mx_jal_106","base.mx","base.state_mx_jal","Tuxcacuesco"
"res_custom_city_mx_jal_107","base.mx","base.state_mx_jal","Tuxcueca"
"res_custom_city_mx_jal_108","base.mx","base.state_mx_jal","Tuxpan"
"res_custom_city_mx_jal_109","base.mx","base.state_mx_jal","Unión de San Antonio"
"res_custom_city_mx_jal_110","base.mx","base.state_mx_jal","Unión de Tula"
"res_custom_city_mx_jal_111","base.mx","base.state_mx_jal","Valle de Guadalupe"
"res_custom_city_mx_jal_112","base.mx","base.state_mx_jal","Valle de Juárez"
"res_custom_city_mx_jal_113","base.mx","base.state_mx_jal","San Gabriel"
"res_custom_city_mx_jal_114","base.mx","base.state_mx_jal","Villa Corona"
"res_custom_city_mx_jal_115","base.mx","base.state_mx_jal","Villa Guerrero"
"res_custom_city_mx_jal_116","base.mx","base.state_mx_jal","Villa Hidalgo"
"res_custom_city_mx_jal_117","base.mx","base.state_mx_jal","Cañadas de Obregón"
"res_custom_city_mx_jal_118","base.mx","base.state_mx_jal","Yahualica de González Gallo"
"res_custom_city_mx_jal_119","base.mx","base.state_mx_jal","Zacoalco de Torres"
"res_custom_city_mx_jal_120","base.mx","base.state_mx_jal","Zapopan"
"res_custom_city_mx_jal_121","base.mx","base.state_mx_jal","Zapotiltic"
"res_custom_city_mx_jal_122","base.mx","base.state_mx_jal","Zapotitlán de Vadillo"
"res_custom_city_mx_jal_123","base.mx","base.state_mx_jal","Zapotlán del Rey"
"res_custom_city_mx_jal_124","base.mx","base.state_mx_jal","Zapotlanejo"
"res_custom_city_mx_jal_125","base.mx","base.state_mx_jal","San Ignacio Cerro Gordo"
"res_custom_city_mx_mex_001","base.mx","base.state_mx_mex","Acambay de Ruíz Castañeda"
"res_custom_city_mx_mex_002","base.mx","base.state_mx_mex","Acolman"
"res_custom_city_mx_mex_003","base.mx","base.state_mx_mex","Aculco"
"res_custom_city_mx_mex_004","base.mx","base.state_mx_mex","Almoloya de Alquisiras"
"res_custom_city_mx_mex_005","base.mx","base.state_mx_mex","Almoloya de Juárez"
"res_custom_city_mx_mex_006","base.mx","base.state_mx_mex","Almoloya del Río"
"res_custom_city_mx_mex_007","base.mx","base.state_mx_mex","Amanalco"
"res_custom_city_mx_mex_008","base.mx","base.state_mx_mex","Amatepec"
"res_custom_city_mx_mex_009","base.mx","base.state_mx_mex","Amecameca"
"res_custom_city_mx_mex_010","base.mx","base.state_mx_mex","Apaxco"
"res_custom_city_mx_mex_011","base.mx","base.state_mx_mex","Atenco"
"res_custom_city_mx_mex_012","base.mx","base.state_mx_mex","Atizapán"
"res_custom_city_mx_mex_013","base.mx","base.state_mx_mex","Atizapán de Zaragoza"
"res_custom_city_mx_mex_014","base.mx","base.state_mx_mex","Atlacomulco"
"res_custom_city_mx_mex_015","base.mx","base.state_mx_mex","Atlautla"
"res_custom_city_mx_mex_016","base.mx","base.state_mx_mex","Axapusco"
"res_custom_city_mx_mex_017","base.mx","base.state_mx_mex","Ayapango"
"res_custom_city_mx_mex_018","base.mx","base.state_mx_mex","Calimaya"
"res_custom_city_mx_mex_019","base.mx","base.state_mx_mex","Capulhuac"
"res_custom_city_mx_mex_020","base.mx","base.state_mx_mex","Coacalco de Berriozábal"
"res_custom_city_mx_mex_021","base.mx","base.state_mx_mex","Coatepec Harinas"
"res_custom_city_mx_mex_022","base.mx","base.state_mx_mex","Cocotitlán"
"res_custom_city_mx_mex_023","base.mx","base.state_mx_mex","Coyotepec"
"res_custom_city_mx_mex_024","base.mx","base.state_mx_mex","Cuautitlán"
"res_custom_city_mx_mex_025","base.mx","base.state_mx_mex","Chalco"
"res_custom_city_mx_mex_026","base.mx","base.state_mx_mex","Chapa de Mota"
"res_custom_city_mx_mex_027","base.mx","base.state_mx_mex","Chapultepec"
"res_custom_city_mx_mex_028","base.mx","base.state_mx_mex","Chiautla"
"res_custom_city_mx_mex_029","base.mx","base.state_mx_mex","Chicoloapan"
"res_custom_city_mx_mex_030","base.mx","base.state_mx_mex","Chiconcuac"
"res_custom_city_mx_mex_031","base.mx","base.state_mx_mex","Chimalhuacán"
"res_custom_city_mx_mex_032","base.mx","base.state_mx_mex","Donato Guerra"
"res_custom_city_mx_mex_033","base.mx","base.state_mx_mex","Ecatepec de Morelos"
"res_custom_city_mx_mex_034","base.mx","base.state_mx_mex","Ecatzingo"
"res_custom_city_mx_mex_035","base.mx","base.state_mx_mex","Huehuetoca"
"res_custom_city_mx_mex_036","base.mx","base.state_mx_mex","Hueypoxtla"
"res_custom_city_mx_mex_037","base.mx","base.state_mx_mex","Huixquilucan"
"res_custom_city_mx_mex_038","base.mx","base.state_mx_mex","Isidro Fabela"
"res_custom_city_mx_mex_039","base.mx","base.state_mx_mex","Ixtapaluca"
"res_custom_city_mx_mex_040","base.mx","base.state_mx_mex","Ixtapan de la Sal"
"res_custom_city_mx_mex_041","base.mx","base.state_mx_mex","Ixtapan del Oro"
"res_custom_city_mx_mex_042","base.mx","base.state_mx_mex","Ixtlahuaca"
"res_custom_city_mx_mex_043","base.mx","base.state_mx_mex","Xalatlaco"
"res_custom_city_mx_mex_044","base.mx","base.state_mx_mex","Jaltenco"
"res_custom_city_mx_mex_045","base.mx","base.state_mx_mex","Jilotepec"
"res_custom_city_mx_mex_046","base.mx","base.state_mx_mex","Jilotzingo"
"res_custom_city_mx_mex_047","base.mx","base.state_mx_mex","Jiquipilco"
"res_custom_city_mx_mex_048","base.mx","base.state_mx_mex","Jocotitlán"
"res_custom_city_mx_mex_049","base.mx","base.state_mx_mex","Joquicingo"
"res_custom_city_mx_mex_050","base.mx","base.state_mx_mex","Juchitepec"
"res_custom_city_mx_mex_051","base.mx","base.state_mx_mex","Lerma"
"res_custom_city_mx_mex_052","base.mx","base.state_mx_mex","Malinalco"
"res_custom_city_mx_mex_053","base.mx","base.state_mx_mex","Melchor Ocampo"
"res_custom_city_mx_mex_054","base.mx","base.state_mx_mex","Metepec"
"res_custom_city_mx_mex_055","base.mx","base.state_mx_mex","Mexicaltzingo"
"res_custom_city_mx_mex_056","base.mx","base.state_mx_mex","Morelos"
"res_custom_city_mx_mex_057","base.mx","base.state_mx_mex","Naucalpan de Juárez"
"res_custom_city_mx_mex_058","base.mx","base.state_mx_mex","Nezahualcóyotl"
"res_custom_city_mx_mex_059","base.mx","base.state_mx_mex","Nextlalpan"
"res_custom_city_mx_mex_060","base.mx","base.state_mx_mex","Nicolás Romero"
"res_custom_city_mx_mex_061","base.mx","base.state_mx_mex","Nopaltepec"
"res_custom_city_mx_mex_062","base.mx","base.state_mx_mex","Ocoyoacac"
"res_custom_city_mx_mex_063","base.mx","base.state_mx_mex","Ocuilan"
"res_custom_city_mx_mex_064","base.mx","base.state_mx_mex","El Oro"
"res_custom_city_mx_mex_065","base.mx","base.state_mx_mex","Otumba"
"res_custom_city_mx_mex_066","base.mx","base.state_mx_mex","Otzoloapan"
"res_custom_city_mx_mex_067","base.mx","base.state_mx_mex","Otzolotepec"
"res_custom_city_mx_mex_068","base.mx","base.state_mx_mex","Ozumba"
"res_custom_city_mx_mex_069","base.mx","base.state_mx_mex","Papalotla"
"res_custom_city_mx_mex_070","base.mx","base.state_mx_mex","La Paz"
"res_custom_city_mx_mex_071","base.mx","base.state_mx_mex","Polotitlán"
"res_custom_city_mx_mex_072","base.mx","base.state_mx_mex","Rayón"
"res_custom_city_mx_mex_073","base.mx","base.state_mx_mex","San Antonio la Isla"
"res_custom_city_mx_mex_074","base.mx","base.state_mx_mex","San Felipe del Progreso"
"res_custom_city_mx_mex_075","base.mx","base.state_mx_mex","San Martín de las Pirámides"
"res_custom_city_mx_mex_076","base.mx","base.state_mx_mex","San Mateo Atenco"
"res_custom_city_mx_mex_077","base.mx","base.state_mx_mex","San Simón de Guerrero"
"res_custom_city_mx_mex_078","base.mx","base.state_mx_mex","Santo Tomás"
"res_custom_city_mx_mex_079","base.mx","base.state_mx_mex","Soyaniquilpan de Juárez"
"res_custom_city_mx_mex_080","base.mx","base.state_mx_mex","Sultepec"
"res_custom_city_mx_mex_081","base.mx","base.state_mx_mex","Tecámac"
"res_custom_city_mx_mex_082","base.mx","base.state_mx_mex","Tejupilco"
"res_custom_city_mx_mex_083","base.mx","base.state_mx_mex","Temamatla"
"res_custom_city_mx_mex_084","base.mx","base.state_mx_mex","Temascalapa"
"res_custom_city_mx_mex_085","base.mx","base.state_mx_mex","Temascalcingo"
"res_custom_city_mx_mex_086","base.mx","base.state_mx_mex","Temascaltepec"
"res_custom_city_mx_mex_087","base.mx","base.state_mx_mex","Temoaya"
"res_custom_city_mx_mex_088","base.mx","base.state_mx_mex","Tenancingo"
"res_custom_city_mx_mex_089","base.mx","base.state_mx_mex","Tenango del Aire"
"res_custom_city_mx_mex_090","base.mx","base.state_mx_mex","Tenango del Valle"
"res_custom_city_mx_mex_091","base.mx","base.state_mx_mex","Teoloyucan"
"res_custom_city_mx_mex_092","base.mx","base.state_mx_mex","Teotihuacán"
"res_custom_city_mx_mex_093","base.mx","base.state_mx_mex","Tepetlaoxtoc"
"res_custom_city_mx_mex_094","base.mx","base.state_mx_mex","Tepetlixpa"
"res_custom_city_mx_mex_095","base.mx","base.state_mx_mex","Tepotzotlán"
"res_custom_city_mx_mex_096","base.mx","base.state_mx_mex","Tequixquiac"
"res_custom_city_mx_mex_097","base.mx","base.state_mx_mex","Texcaltitlán"
"res_custom_city_mx_mex_098","base.mx","base.state_mx_mex","Texcalyacac"
"res_custom_city_mx_mex_099","base.mx","base.state_mx_mex","Texcoco"
"res_custom_city_mx_mex_100","base.mx","base.state_mx_mex","Tezoyuca"
"res_custom_city_mx_mex_101","base.mx","base.state_mx_mex","Tianguistenco"
"res_custom_city_mx_mex_102","base.mx","base.state_mx_mex","Timilpan"
"res_custom_city_mx_mex_103","base.mx","base.state_mx_mex","Tlalmanalco"
"res_custom_city_mx_mex_104","base.mx","base.state_mx_mex","Tlalnepantla de Baz"
"res_custom_city_mx_mex_105","base.mx","base.state_mx_mex","Tlatlaya"
"res_custom_city_mx_mex_106","base.mx","base.state_mx_mex","Toluca"
"res_custom_city_mx_mex_107","base.mx","base.state_mx_mex","Tonatico"
"res_custom_city_mx_mex_108","base.mx","base.state_mx_mex","Tultepec"
"res_custom_city_mx_mex_109","base.mx","base.state_mx_mex","Tultitlán"
"res_custom_city_mx_mex_110","base.mx","base.state_mx_mex","Valle de Bravo"
"res_custom_city_mx_mex_111","base.mx","base.state_mx_mex","Villa de Allende"
"res_custom_city_mx_mex_112","base.mx","base.state_mx_mex","Villa del Carbón"
"res_custom_city_mx_mex_113","base.mx","base.state_mx_mex","Villa Guerrero"
"res_custom_city_mx_mex_114","base.mx","base.state_mx_mex","Villa Victoria"
"res_custom_city_mx_mex_115","base.mx","base.state_mx_mex","Xonacatlán"
"res_custom_city_mx_mex_116","base.mx","base.state_mx_mex","Zacazonapan"
"res_custom_city_mx_mex_117","base.mx","base.state_mx_mex","Zacualpan"
"res_custom_city_mx_mex_118","base.mx","base.state_mx_mex","Zinacantepec"
"res_custom_city_mx_mex_119","base.mx","base.state_mx_mex","Zumpahuacán"
"res_custom_city_mx_mex_120","base.mx","base.state_mx_mex","Zumpango"
"res_custom_city_mx_mex_121","base.mx","base.state_mx_mex","Cuautitlán Izcalli"
"res_custom_city_mx_mex_122","base.mx","base.state_mx_mex","Valle de Chalco Solidaridad"
"res_custom_city_mx_mex_123","base.mx","base.state_mx_mex","Luvianos"
"res_custom_city_mx_mex_124","base.mx","base.state_mx_mex","San José del Rincón"
"res_custom_city_mx_mex_125","base.mx","base.state_mx_mex","Tonanitla"
"res_custom_city_mx_mic_001","base.mx","base.state_mx_mich","Acuitzio"
"res_custom_city_mx_mic_002","base.mx","base.state_mx_mich","Aguililla"
"res_custom_city_mx_mic_003","base.mx","base.state_mx_mich","Álvaro Obregón"
"res_custom_city_mx_mic_004","base.mx","base.state_mx_mich","Angamacutiro"
"res_custom_city_mx_mic_005","base.mx","base.state_mx_mich","Angangueo"
"res_custom_city_mx_mic_006","base.mx","base.state_mx_mich","Apatzingán"
"res_custom_city_mx_mic_007","base.mx","base.state_mx_mich","Aporo"
"res_custom_city_mx_mic_008","base.mx","base.state_mx_mich","Aquila"
"res_custom_city_mx_mic_009","base.mx","base.state_mx_mich","Ario"
"res_custom_city_mx_mic_010","base.mx","base.state_mx_mich","Arteaga"
"res_custom_city_mx_mic_011","base.mx","base.state_mx_mich","Briseñas"
"res_custom_city_mx_mic_012","base.mx","base.state_mx_mich","Buenavista"
"res_custom_city_mx_mic_013","base.mx","base.state_mx_mich","Carácuaro"
"res_custom_city_mx_mic_014","base.mx","base.state_mx_mich","Coahuayana"
"res_custom_city_mx_mic_015","base.mx","base.state_mx_mich","Coalcomán de Vázquez Pallares"
"res_custom_city_mx_mic_016","base.mx","base.state_mx_mich","Coeneo"
"res_custom_city_mx_mic_017","base.mx","base.state_mx_mich","Contepec"
"res_custom_city_mx_mic_018","base.mx","base.state_mx_mich","Copándaro"
"res_custom_city_mx_mic_019","base.mx","base.state_mx_mich","Cotija"
"res_custom_city_mx_mic_020","base.mx","base.state_mx_mich","Cuitzeo"
"res_custom_city_mx_mic_021","base.mx","base.state_mx_mich","Charapan"
"res_custom_city_mx_mic_022","base.mx","base.state_mx_mich","Charo"
"res_custom_city_mx_mic_023","base.mx","base.state_mx_mich","Chavinda"
"res_custom_city_mx_mic_024","base.mx","base.state_mx_mich","Cherán"
"res_custom_city_mx_mic_025","base.mx","base.state_mx_mich","Chilchota"
"res_custom_city_mx_mic_026","base.mx","base.state_mx_mich","Chinicuila"
"res_custom_city_mx_mic_027","base.mx","base.state_mx_mich","Chucándiro"
"res_custom_city_mx_mic_028","base.mx","base.state_mx_mich","Churintzio"
"res_custom_city_mx_mic_029","base.mx","base.state_mx_mich","Churumuco"
"res_custom_city_mx_mic_030","base.mx","base.state_mx_mich","Ecuandureo"
"res_custom_city_mx_mic_031","base.mx","base.state_mx_mich","Epitacio Huerta"
"res_custom_city_mx_mic_032","base.mx","base.state_mx_mich","Erongarícuaro"
"res_custom_city_mx_mic_033","base.mx","base.state_mx_mich","Gabriel Zamora"
"res_custom_city_mx_mic_034","base.mx","base.state_mx_mich","Hidalgo"
"res_custom_city_mx_mic_035","base.mx","base.state_mx_mich","La Huacana"
"res_custom_city_mx_mic_036","base.mx","base.state_mx_mich","Huandacareo"
"res_custom_city_mx_mic_037","base.mx","base.state_mx_mich","Huaniqueo"
"res_custom_city_mx_mic_038","base.mx","base.state_mx_mich","Huetamo"
"res_custom_city_mx_mic_039","base.mx","base.state_mx_mich","Huiramba"
"res_custom_city_mx_mic_040","base.mx","base.state_mx_mich","Indaparapeo"
"res_custom_city_mx_mic_041","base.mx","base.state_mx_mich","Irimbo"
"res_custom_city_mx_mic_042","base.mx","base.state_mx_mich","Ixtlán"
"res_custom_city_mx_mic_043","base.mx","base.state_mx_mich","Jacona"
"res_custom_city_mx_mic_044","base.mx","base.state_mx_mich","Jiménez"
"res_custom_city_mx_mic_045","base.mx","base.state_mx_mich","Jiquilpan"
"res_custom_city_mx_mic_046","base.mx","base.state_mx_mich","Juárez"
"res_custom_city_mx_mic_047","base.mx","base.state_mx_mich","Jungapeo"
"res_custom_city_mx_mic_048","base.mx","base.state_mx_mich","Lagunillas"
"res_custom_city_mx_mic_049","base.mx","base.state_mx_mich","Madero"
"res_custom_city_mx_mic_050","base.mx","base.state_mx_mich","Maravatío"
"res_custom_city_mx_mic_051","base.mx","base.state_mx_mich","Marcos Castellanos"
"res_custom_city_mx_mic_052","base.mx","base.state_mx_mich","Lázaro Cárdenas"
"res_custom_city_mx_mic_053","base.mx","base.state_mx_mich","Morelia"
"res_custom_city_mx_mic_054","base.mx","base.state_mx_mich","Morelos"
"res_custom_city_mx_mic_055","base.mx","base.state_mx_mich","Múgica"
"res_custom_city_mx_mic_056","base.mx","base.state_mx_mich","Nahuatzen"
"res_custom_city_mx_mic_057","base.mx","base.state_mx_mich","Nocupétaro"
"res_custom_city_mx_mic_058","base.mx","base.state_mx_mich","Nuevo Parangaricutiro"
"res_custom_city_mx_mic_059","base.mx","base.state_mx_mich","Nuevo Urecho"
"res_custom_city_mx_mic_060","base.mx","base.state_mx_mich","Numarán"
"res_custom_city_mx_mic_061","base.mx","base.state_mx_mich","Ocampo"
"res_custom_city_mx_mic_062","base.mx","base.state_mx_mich","Pajacuarán"
"res_custom_city_mx_mic_063","base.mx","base.state_mx_mich","Panindícuaro"
"res_custom_city_mx_mic_064","base.mx","base.state_mx_mich","Parácuaro"
"res_custom_city_mx_mic_065","base.mx","base.state_mx_mich","Paracho"
"res_custom_city_mx_mic_066","base.mx","base.state_mx_mich","Pátzcuaro"
"res_custom_city_mx_mic_067","base.mx","base.state_mx_mich","Penjamillo"
"res_custom_city_mx_mic_068","base.mx","base.state_mx_mich","Peribán"
"res_custom_city_mx_mic_069","base.mx","base.state_mx_mich","La Piedad"
"res_custom_city_mx_mic_070","base.mx","base.state_mx_mich","Purépero"
"res_custom_city_mx_mic_071","base.mx","base.state_mx_mich","Puruándiro"
"res_custom_city_mx_mic_072","base.mx","base.state_mx_mich","Queréndaro"
"res_custom_city_mx_mic_073","base.mx","base.state_mx_mich","Quiroga"
"res_custom_city_mx_mic_074","base.mx","base.state_mx_mich","Cojumatlán de Régules"
"res_custom_city_mx_mic_075","base.mx","base.state_mx_mich","Los Reyes"
"res_custom_city_mx_mic_076","base.mx","base.state_mx_mich","Sahuayo"
"res_custom_city_mx_mic_077","base.mx","base.state_mx_mich","San Lucas"
"res_custom_city_mx_mic_078","base.mx","base.state_mx_mich","Santa Ana Maya"
"res_custom_city_mx_mic_079","base.mx","base.state_mx_mich","Salvador Escalante"
"res_custom_city_mx_mic_080","base.mx","base.state_mx_mich","Senguio"
"res_custom_city_mx_mic_081","base.mx","base.state_mx_mich","Susupuato"
"res_custom_city_mx_mic_082","base.mx","base.state_mx_mich","Tacámbaro"
"res_custom_city_mx_mic_083","base.mx","base.state_mx_mich","Tancítaro"
"res_custom_city_mx_mic_084","base.mx","base.state_mx_mich","Tangamandapio"
"res_custom_city_mx_mic_085","base.mx","base.state_mx_mich","Tangancícuaro"
"res_custom_city_mx_mic_086","base.mx","base.state_mx_mich","Tanhuato"
"res_custom_city_mx_mic_087","base.mx","base.state_mx_mich","Taretan"
"res_custom_city_mx_mic_088","base.mx","base.state_mx_mich","Tarímbaro"
"res_custom_city_mx_mic_089","base.mx","base.state_mx_mich","Tepalcatepec"
"res_custom_city_mx_mic_090","base.mx","base.state_mx_mich","Tingambato"
"res_custom_city_mx_mic_091","base.mx","base.state_mx_mich","Tingüindín"
"res_custom_city_mx_mic_092","base.mx","base.state_mx_mich","Tiquicheo de Nicolás Romero"
"res_custom_city_mx_mic_093","base.mx","base.state_mx_mich","Tlalpujahua"
"res_custom_city_mx_mic_094","base.mx","base.state_mx_mich","Tlazazalca"
"res_custom_city_mx_mic_095","base.mx","base.state_mx_mich","Tocumbo"
"res_custom_city_mx_mic_096","base.mx","base.state_mx_mich","Tumbiscatío"
"res_custom_city_mx_mic_097","base.mx","base.state_mx_mich","Turicato"
"res_custom_city_mx_mic_098","base.mx","base.state_mx_mich","Tuxpan"
"res_custom_city_mx_mic_099","base.mx","base.state_mx_mich","Tuzantla"
"res_custom_city_mx_mic_100","base.mx","base.state_mx_mich","Tzintzuntzan"
"res_custom_city_mx_mic_101","base.mx","base.state_mx_mich","Tzitzio"
"res_custom_city_mx_mic_102","base.mx","base.state_mx_mich","Uruapan"
"res_custom_city_mx_mic_103","base.mx","base.state_mx_mich","Venustiano Carranza"
"res_custom_city_mx_mic_104","base.mx","base.state_mx_mich","Villamar"
"res_custom_city_mx_mic_105","base.mx","base.state_mx_mich","Vista Hermosa"
"res_custom_city_mx_mic_106","base.mx","base.state_mx_mich","Yurécuaro"
"res_custom_city_mx_mic_107","base.mx","base.state_mx_mich","Zacapu"
"res_custom_city_mx_mic_108","base.mx","base.state_mx_mich","Zamora"
"res_custom_city_mx_mic_109","base.mx","base.state_mx_mich","Zináparo"
"res_custom_city_mx_mic_110","base.mx","base.state_mx_mich","Zinapécuaro"
"res_custom_city_mx_mic_111","base.mx","base.state_mx_mich","Ziracuaretiro"
"res_custom_city_mx_mic_112","base.mx","base.state_mx_mich","Zitácuaro"
"res_custom_city_mx_mic_113","base.mx","base.state_mx_mich","José Sixto Verduzco"
"res_custom_city_mx_mor_001","base.mx","base.state_mx_mor","Amacuzac"
"res_custom_city_mx_mor_002","base.mx","base.state_mx_mor","Atlatlahucan"
"res_custom_city_mx_mor_003","base.mx","base.state_mx_mor","Axochiapan"
"res_custom_city_mx_mor_004","base.mx","base.state_mx_mor","Ayala"
"res_custom_city_mx_mor_005","base.mx","base.state_mx_mor","Coatlán del Río"
"res_custom_city_mx_mor_006","base.mx","base.state_mx_mor","Cuautla"
"res_custom_city_mx_mor_007","base.mx","base.state_mx_mor","Cuernavaca"
"res_custom_city_mx_mor_008","base.mx","base.state_mx_mor","Emiliano Zapata"
"res_custom_city_mx_mor_009","base.mx","base.state_mx_mor","Huitzilac"
"res_custom_city_mx_mor_010","base.mx","base.state_mx_mor","Jantetelco"
"res_custom_city_mx_mor_011","base.mx","base.state_mx_mor","Jiutepec"
"res_custom_city_mx_mor_012","base.mx","base.state_mx_mor","Jojutla"
"res_custom_city_mx_mor_013","base.mx","base.state_mx_mor","Jonacatepec"
"res_custom_city_mx_mor_014","base.mx","base.state_mx_mor","Mazatepec"
"res_custom_city_mx_mor_015","base.mx","base.state_mx_mor","Miacatlán"
"res_custom_city_mx_mor_016","base.mx","base.state_mx_mor","Ocuituco"
"res_custom_city_mx_mor_017","base.mx","base.state_mx_mor","Puente de Ixtla"
"res_custom_city_mx_mor_018","base.mx","base.state_mx_mor","Temixco"
"res_custom_city_mx_mor_019","base.mx","base.state_mx_mor","Tepalcingo"
"res_custom_city_mx_mor_020","base.mx","base.state_mx_mor","Tepoztlán"
"res_custom_city_mx_mor_021","base.mx","base.state_mx_mor","Tetecala"
"res_custom_city_mx_mor_022","base.mx","base.state_mx_mor","Tetela del Volcán"
"res_custom_city_mx_mor_023","base.mx","base.state_mx_mor","Tlalnepantla"
"res_custom_city_mx_mor_024","base.mx","base.state_mx_mor","Tlaltizapán de Zapata"
"res_custom_city_mx_mor_025","base.mx","base.state_mx_mor","Tlaquiltenango"
"res_custom_city_mx_mor_026","base.mx","base.state_mx_mor","Tlayacapan"
"res_custom_city_mx_mor_027","base.mx","base.state_mx_mor","Totolapan"
"res_custom_city_mx_mor_028","base.mx","base.state_mx_mor","Xochitepec"
"res_custom_city_mx_mor_029","base.mx","base.state_mx_mor","Yautepec"
"res_custom_city_mx_mor_030","base.mx","base.state_mx_mor","Yecapixtla"
"res_custom_city_mx_mor_031","base.mx","base.state_mx_mor","Zacatepec"
"res_custom_city_mx_mor_032","base.mx","base.state_mx_mor","Zacualpan"
"res_custom_city_mx_mor_033","base.mx","base.state_mx_mor","Temoac"
"res_custom_city_mx_nay_001","base.mx","base.state_mx_nay","Acaponeta"
"res_custom_city_mx_nay_002","base.mx","base.state_mx_nay","Ahuacatlán"
"res_custom_city_mx_nay_003","base.mx","base.state_mx_nay","Amatlán de Cañas"
"res_custom_city_mx_nay_004","base.mx","base.state_mx_nay","Compostela"
"res_custom_city_mx_nay_005","base.mx","base.state_mx_nay","Huajicori"
"res_custom_city_mx_nay_006","base.mx","base.state_mx_nay","Ixtlán del Río"
"res_custom_city_mx_nay_007","base.mx","base.state_mx_nay","Jala"
"res_custom_city_mx_nay_008","base.mx","base.state_mx_nay","Xalisco"
"res_custom_city_mx_nay_009","base.mx","base.state_mx_nay","Del Nayar"
"res_custom_city_mx_nay_010","base.mx","base.state_mx_nay","Rosamorada"
"res_custom_city_mx_nay_011","base.mx","base.state_mx_nay","Ruíz"
"res_custom_city_mx_nay_012","base.mx","base.state_mx_nay","San Blas"
"res_custom_city_mx_nay_013","base.mx","base.state_mx_nay","San Pedro Lagunillas"
"res_custom_city_mx_nay_014","base.mx","base.state_mx_nay","Santa María del Oro"
"res_custom_city_mx_nay_015","base.mx","base.state_mx_nay","Santiago Ixcuintla"
"res_custom_city_mx_nay_016","base.mx","base.state_mx_nay","Tecuala"
"res_custom_city_mx_nay_017","base.mx","base.state_mx_nay","Tepic"
"res_custom_city_mx_nay_018","base.mx","base.state_mx_nay","Tuxpan"
"res_custom_city_mx_nay_019","base.mx","base.state_mx_nay","La Yesca"
"res_custom_city_mx_nay_020","base.mx","base.state_mx_nay","Bahía de Banderas"
"res_custom_city_mx_nle_001","base.mx","base.state_mx_nl","Abasolo"
"res_custom_city_mx_nle_002","base.mx","base.state_mx_nl","Agualeguas"
"res_custom_city_mx_nle_003","base.mx","base.state_mx_nl","Los Aldamas"
"res_custom_city_mx_nle_004","base.mx","base.state_mx_nl","Allende"
"res_custom_city_mx_nle_005","base.mx","base.state_mx_nl","Anáhuac"
"res_custom_city_mx_nle_006","base.mx","base.state_mx_nl","Apodaca"
"res_custom_city_mx_nle_007","base.mx","base.state_mx_nl","Aramberri"
"res_custom_city_mx_nle_008","base.mx","base.state_mx_nl","Bustamante"
"res_custom_city_mx_nle_009","base.mx","base.state_mx_nl","Cadereyta Jiménez"
"res_custom_city_mx_nle_010","base.mx","base.state_mx_nl","El Carmen"
"res_custom_city_mx_nle_011","base.mx","base.state_mx_nl","Cerralvo"
"res_custom_city_mx_nle_012","base.mx","base.state_mx_nl","Ciénega de Flores"
"res_custom_city_mx_nle_013","base.mx","base.state_mx_nl","China"
"res_custom_city_mx_nle_014","base.mx","base.state_mx_nl","Doctor Arroyo"
"res_custom_city_mx_nle_015","base.mx","base.state_mx_nl","Doctor Coss"
"res_custom_city_mx_nle_016","base.mx","base.state_mx_nl","Doctor González"
"res_custom_city_mx_nle_017","base.mx","base.state_mx_nl","Galeana"
"res_custom_city_mx_nle_018","base.mx","base.state_mx_nl","García"
"res_custom_city_mx_nle_019","base.mx","base.state_mx_nl","San Pedro Garza García"
"res_custom_city_mx_nle_020","base.mx","base.state_mx_nl","General Bravo"
"res_custom_city_mx_nle_021","base.mx","base.state_mx_nl","General Escobedo"
"res_custom_city_mx_nle_022","base.mx","base.state_mx_nl","General Terán"
"res_custom_city_mx_nle_023","base.mx","base.state_mx_nl","General Treviño"
"res_custom_city_mx_nle_024","base.mx","base.state_mx_nl","General Zaragoza"
"res_custom_city_mx_nle_025","base.mx","base.state_mx_nl","General Zuazua"
"res_custom_city_mx_nle_026","base.mx","base.state_mx_nl","Guadalupe"
"res_custom_city_mx_nle_027","base.mx","base.state_mx_nl","Los Herreras"
"res_custom_city_mx_nle_028","base.mx","base.state_mx_nl","Higueras"
"res_custom_city_mx_nle_029","base.mx","base.state_mx_nl","Hualahuises"
"res_custom_city_mx_nle_030","base.mx","base.state_mx_nl","Iturbide"
"res_custom_city_mx_nle_031","base.mx","base.state_mx_nl","Juárez"
"res_custom_city_mx_nle_032","base.mx","base.state_mx_nl","Lampazos de Naranjo"
"res_custom_city_mx_nle_033","base.mx","base.state_mx_nl","Linares"
"res_custom_city_mx_nle_034","base.mx","base.state_mx_nl","Marín"
"res_custom_city_mx_nle_035","base.mx","base.state_mx_nl","Melchor Ocampo"
"res_custom_city_mx_nle_036","base.mx","base.state_mx_nl","Mier y Noriega"
"res_custom_city_mx_nle_037","base.mx","base.state_mx_nl","Mina"
"res_custom_city_mx_nle_038","base.mx","base.state_mx_nl","Montemorelos"
"res_custom_city_mx_nle_039","base.mx","base.state_mx_nl","Monterrey"
"res_custom_city_mx_nle_040","base.mx","base.state_mx_nl","Parás"
"res_custom_city_mx_nle_041","base.mx","base.state_mx_nl","Pesquería"
"res_custom_city_mx_nle_042","base.mx","base.state_mx_nl","Los Ramones"
"res_custom_city_mx_nle_043","base.mx","base.state_mx_nl","Rayones"
"res_custom_city_mx_nle_044","base.mx","base.state_mx_nl","Sabinas Hidalgo"
"res_custom_city_mx_nle_045","base.mx","base.state_mx_nl","Salinas Victoria"
"res_custom_city_mx_nle_046","base.mx","base.state_mx_nl","San Nicolás de los Garza"
"res_custom_city_mx_nle_047","base.mx","base.state_mx_nl","Hidalgo"
"res_custom_city_mx_nle_048","base.mx","base.state_mx_nl","Santa Catarina"
"res_custom_city_mx_nle_049","base.mx","base.state_mx_nl","Santiago"
"res_custom_city_mx_nle_050","base.mx","base.state_mx_nl","Vallecillo"
"res_custom_city_mx_nle_051","base.mx","base.state_mx_nl","Villaldama"
"res_custom_city_mx_oax_001","base.mx","base.state_mx_oax","Abejones"
"res_custom_city_mx_oax_002","base.mx","base.state_mx_oax","Acatlán de Pérez Figueroa"
"res_custom_city_mx_oax_003","base.mx","base.state_mx_oax","Asunción Cacalotepec"
"res_custom_city_mx_oax_004","base.mx","base.state_mx_oax","Asunción Cuyotepeji"
"res_custom_city_mx_oax_005","base.mx","base.state_mx_oax","Asunción Ixtaltepec"
"res_custom_city_mx_oax_006","base.mx","base.state_mx_oax","Asunción Nochixtlán"
"res_custom_city_mx_oax_007","base.mx","base.state_mx_oax","Asunción Ocotlán"
"res_custom_city_mx_oax_008","base.mx","base.state_mx_oax","Asunción Tlacolulita"
"res_custom_city_mx_oax_009","base.mx","base.state_mx_oax","Ayotzintepec"
"res_custom_city_mx_oax_010","base.mx","base.state_mx_oax","El Barrio de la Soledad"
"res_custom_city_mx_oax_011","base.mx","base.state_mx_oax","Calihualá"
"res_custom_city_mx_oax_012","base.mx","base.state_mx_oax","Candelaria Loxicha"
"res_custom_city_mx_oax_013","base.mx","base.state_mx_oax","Ciénega de Zimatlán"
"res_custom_city_mx_oax_014","base.mx","base.state_mx_oax","Ciudad Ixtepec"
"res_custom_city_mx_oax_015","base.mx","base.state_mx_oax","Coatecas Altas"
"res_custom_city_mx_oax_016","base.mx","base.state_mx_oax","Coicoyán de las Flores"
"res_custom_city_mx_oax_017","base.mx","base.state_mx_oax","La Compañía"
"res_custom_city_mx_oax_018","base.mx","base.state_mx_oax","Concepción Buenavista"
"res_custom_city_mx_oax_019","base.mx","base.state_mx_oax","Concepción Pápalo"
"res_custom_city_mx_oax_020","base.mx","base.state_mx_oax","Constancia del Rosario"
"res_custom_city_mx_oax_021","base.mx","base.state_mx_oax","Cosolapa"
"res_custom_city_mx_oax_022","base.mx","base.state_mx_oax","Cosoltepec"
"res_custom_city_mx_oax_023","base.mx","base.state_mx_oax","Cuilápam de Guerrero"
"res_custom_city_mx_oax_024","base.mx","base.state_mx_oax","Cuyamecalco Villa de Zaragoza"
"res_custom_city_mx_oax_025","base.mx","base.state_mx_oax","Chahuites"
"res_custom_city_mx_oax_026","base.mx","base.state_mx_oax","Chalcatongo de Hidalgo"
"res_custom_city_mx_oax_027","base.mx","base.state_mx_oax","Chiquihuitlán de Benito Juárez"
"res_custom_city_mx_oax_028","base.mx","base.state_mx_oax","Heroica Ciudad de Ejutla de Crespo"
"res_custom_city_mx_oax_029","base.mx","base.state_mx_oax","Eloxochitlán de Flores Magón"
"res_custom_city_mx_oax_030","base.mx","base.state_mx_oax","El Espinal"
"res_custom_city_mx_oax_031","base.mx","base.state_mx_oax","Tamazulápam del Espíritu Santo"
"res_custom_city_mx_oax_032","base.mx","base.state_mx_oax","Fresnillo de Trujano"
"res_custom_city_mx_oax_033","base.mx","base.state_mx_oax","Guadalupe Etla"
"res_custom_city_mx_oax_034","base.mx","base.state_mx_oax","Guadalupe de Ramírez"
"res_custom_city_mx_oax_035","base.mx","base.state_mx_oax","Guelatao de Juárez"
"res_custom_city_mx_oax_036","base.mx","base.state_mx_oax","Guevea de Humboldt"
"res_custom_city_mx_oax_037","base.mx","base.state_mx_oax","Mesones Hidalgo"
"res_custom_city_mx_oax_038","base.mx","base.state_mx_oax","Villa Hidalgo"
"res_custom_city_mx_oax_039","base.mx","base.state_mx_oax","Heroica Ciudad de Huajuapan de León"
"res_custom_city_mx_oax_040","base.mx","base.state_mx_oax","Huautepec"
"res_custom_city_mx_oax_041","base.mx","base.state_mx_oax","Huautla de Jiménez"
"res_custom_city_mx_oax_042","base.mx","base.state_mx_oax","Ixtlán de Juárez"
"res_custom_city_mx_oax_043","base.mx","base.state_mx_oax","Heroica Ciudad de Juchitán de Zaragoza"
"res_custom_city_mx_oax_044","base.mx","base.state_mx_oax","Loma Bonita"
"res_custom_city_mx_oax_045","base.mx","base.state_mx_oax","Magdalena Apasco"
"res_custom_city_mx_oax_046","base.mx","base.state_mx_oax","Magdalena Jaltepec"
"res_custom_city_mx_oax_047","base.mx","base.state_mx_oax","Santa Magdalena Jicotlán"
"res_custom_city_mx_oax_048","base.mx","base.state_mx_oax","Magdalena Mixtepec"
"res_custom_city_mx_oax_049","base.mx","base.state_mx_oax","Magdalena Ocotlán"
"res_custom_city_mx_oax_050","base.mx","base.state_mx_oax","Magdalena Peñasco"
"res_custom_city_mx_oax_051","base.mx","base.state_mx_oax","Magdalena Teitipac"
"res_custom_city_mx_oax_052","base.mx","base.state_mx_oax","Magdalena Tequisistlán"
"res_custom_city_mx_oax_053","base.mx","base.state_mx_oax","Magdalena Tlacotepec"
"res_custom_city_mx_oax_054","base.mx","base.state_mx_oax","Magdalena Zahuatlán"
"res_custom_city_mx_oax_055","base.mx","base.state_mx_oax","Mariscala de Juárez"
"res_custom_city_mx_oax_056","base.mx","base.state_mx_oax","Mártires de Tacubaya"
"res_custom_city_mx_oax_057","base.mx","base.state_mx_oax","Matías Romero Avendaño"
"res_custom_city_mx_oax_058","base.mx","base.state_mx_oax","Mazatlán Villa de Flores"
"res_custom_city_mx_oax_059","base.mx","base.state_mx_oax","Miahuatlán de Porfirio Díaz"
"res_custom_city_mx_oax_060","base.mx","base.state_mx_oax","Mixistlán de la Reforma"
"res_custom_city_mx_oax_061","base.mx","base.state_mx_oax","Monjas"
"res_custom_city_mx_oax_062","base.mx","base.state_mx_oax","Natividad"
"res_custom_city_mx_oax_063","base.mx","base.state_mx_oax","Nazareno Etla"
"res_custom_city_mx_oax_064","base.mx","base.state_mx_oax","Nejapa de Madero"
"res_custom_city_mx_oax_065","base.mx","base.state_mx_oax","Ixpantepec Nieves"
"res_custom_city_mx_oax_066","base.mx","base.state_mx_oax","Santiago Niltepec"
"res_custom_city_mx_oax_067","base.mx","base.state_mx_oax","Oaxaca de Juárez"
"res_custom_city_mx_oax_068","base.mx","base.state_mx_oax","Ocotlán de Morelos"
"res_custom_city_mx_oax_069","base.mx","base.state_mx_oax","La Pe"
"res_custom_city_mx_oax_070","base.mx","base.state_mx_oax","Pinotepa de Don Luis"
"res_custom_city_mx_oax_071","base.mx","base.state_mx_oax","Pluma Hidalgo"
"res_custom_city_mx_oax_072","base.mx","base.state_mx_oax","San José del Progreso"
"res_custom_city_mx_oax_073","base.mx","base.state_mx_oax","Putla Villa de Guerrero"
"res_custom_city_mx_oax_074","base.mx","base.state_mx_oax","Santa Catarina Quioquitani"
"res_custom_city_mx_oax_075","base.mx","base.state_mx_oax","Reforma de Pineda"
"res_custom_city_mx_oax_076","base.mx","base.state_mx_oax","La Reforma"
"res_custom_city_mx_oax_077","base.mx","base.state_mx_oax","Reyes Etla"
"res_custom_city_mx_oax_078","base.mx","base.state_mx_oax","Rojas de Cuauhtémoc"
"res_custom_city_mx_oax_079","base.mx","base.state_mx_oax","Salina Cruz"
"res_custom_city_mx_oax_080","base.mx","base.state_mx_oax","San Agustín Amatengo"
"res_custom_city_mx_oax_081","base.mx","base.state_mx_oax","San Agustín Atenango"
"res_custom_city_mx_oax_082","base.mx","base.state_mx_oax","San Agustín Chayuco"
"res_custom_city_mx_oax_083","base.mx","base.state_mx_oax","San Agustín de las Juntas"
"res_custom_city_mx_oax_084","base.mx","base.state_mx_oax","San Agustín Etla"
"res_custom_city_mx_oax_085","base.mx","base.state_mx_oax","San Agustín Loxicha"
"res_custom_city_mx_oax_086","base.mx","base.state_mx_oax","San Agustín Tlacotepec"
"res_custom_city_mx_oax_087","base.mx","base.state_mx_oax","San Agustín Yatareni"
"res_custom_city_mx_oax_088","base.mx","base.state_mx_oax","San Andrés Cabecera Nueva"
"res_custom_city_mx_oax_089","base.mx","base.state_mx_oax","San Andrés Dinicuiti"
"res_custom_city_mx_oax_090","base.mx","base.state_mx_oax","San Andrés Huaxpaltepec"
"res_custom_city_mx_oax_091","base.mx","base.state_mx_oax","San Andrés Huayápam"
"res_custom_city_mx_oax_092","base.mx","base.state_mx_oax","San Andrés Ixtlahuaca"
"res_custom_city_mx_oax_093","base.mx","base.state_mx_oax","San Andrés Lagunas"
"res_custom_city_mx_oax_094","base.mx","base.state_mx_oax","San Andrés Nuxiño"
"res_custom_city_mx_oax_095","base.mx","base.state_mx_oax","San Andrés Paxtlán"
"res_custom_city_mx_oax_096","base.mx","base.state_mx_oax","San Andrés Sinaxtla"
"res_custom_city_mx_oax_097","base.mx","base.state_mx_oax","San Andrés Solaga"
"res_custom_city_mx_oax_098","base.mx","base.state_mx_oax","San Andrés Teotilálpam"
"res_custom_city_mx_oax_099","base.mx","base.state_mx_oax","San Andrés Tepetlapa"
"res_custom_city_mx_oax_100","base.mx","base.state_mx_oax","San Andrés Yaá"
"res_custom_city_mx_oax_101","base.mx","base.state_mx_oax","San Andrés Zabache"
"res_custom_city_mx_oax_102","base.mx","base.state_mx_oax","San Andrés Zautla"
"res_custom_city_mx_oax_103","base.mx","base.state_mx_oax","San Antonino Castillo Velasco"
"res_custom_city_mx_oax_104","base.mx","base.state_mx_oax","San Antonino el Alto"
"res_custom_city_mx_oax_105","base.mx","base.state_mx_oax","San Antonino Monte Verde"
"res_custom_city_mx_oax_106","base.mx","base.state_mx_oax","San Antonio Acutla"
"res_custom_city_mx_oax_107","base.mx","base.state_mx_oax","San Antonio de la Cal"
"res_custom_city_mx_oax_108","base.mx","base.state_mx_oax","San Antonio Huitepec"
"res_custom_city_mx_oax_109","base.mx","base.state_mx_oax","San Antonio Nanahuatípam"
"res_custom_city_mx_oax_110","base.mx","base.state_mx_oax","San Antonio Sinicahua"
"res_custom_city_mx_oax_111","base.mx","base.state_mx_oax","San Antonio Tepetlapa"
"res_custom_city_mx_oax_112","base.mx","base.state_mx_oax","San Baltazar Chichicápam"
"res_custom_city_mx_oax_113","base.mx","base.state_mx_oax","San Baltazar Loxicha"
"res_custom_city_mx_oax_114","base.mx","base.state_mx_oax","San Baltazar Yatzachi el Bajo"
"res_custom_city_mx_oax_115","base.mx","base.state_mx_oax","San Bartolo Coyotepec"
"res_custom_city_mx_oax_116","base.mx","base.state_mx_oax","San Bartolomé Ayautla"
"res_custom_city_mx_oax_117","base.mx","base.state_mx_oax","San Bartolomé Loxicha"
"res_custom_city_mx_oax_118","base.mx","base.state_mx_oax","San Bartolomé Quialana"
"res_custom_city_mx_oax_119","base.mx","base.state_mx_oax","San Bartolomé Yucuañe"
"res_custom_city_mx_oax_120","base.mx","base.state_mx_oax","San Bartolomé Zoogocho"
"res_custom_city_mx_oax_121","base.mx","base.state_mx_oax","San Bartolo Soyaltepec"
"res_custom_city_mx_oax_122","base.mx","base.state_mx_oax","San Bartolo Yautepec"
"res_custom_city_mx_oax_123","base.mx","base.state_mx_oax","San Bernardo Mixtepec"
"res_custom_city_mx_oax_124","base.mx","base.state_mx_oax","San Blas Atempa"
"res_custom_city_mx_oax_125","base.mx","base.state_mx_oax","San Carlos Yautepec"
"res_custom_city_mx_oax_126","base.mx","base.state_mx_oax","San Cristóbal Amatlán"
"res_custom_city_mx_oax_127","base.mx","base.state_mx_oax","San Cristóbal Amoltepec"
"res_custom_city_mx_oax_128","base.mx","base.state_mx_oax","San Cristóbal Lachirioag"
"res_custom_city_mx_oax_129","base.mx","base.state_mx_oax","San Cristóbal Suchixtlahuaca"
"res_custom_city_mx_oax_130","base.mx","base.state_mx_oax","San Dionisio del Mar"
"res_custom_city_mx_oax_131","base.mx","base.state_mx_oax","San Dionisio Ocotepec"
"res_custom_city_mx_oax_132","base.mx","base.state_mx_oax","San Dionisio Ocotlán"
"res_custom_city_mx_oax_133","base.mx","base.state_mx_oax","San Esteban Atatlahuca"
"res_custom_city_mx_oax_134","base.mx","base.state_mx_oax","San Felipe Jalapa de Díaz"
"res_custom_city_mx_oax_135","base.mx","base.state_mx_oax","San Felipe Tejalápam"
"res_custom_city_mx_oax_136","base.mx","base.state_mx_oax","San Felipe Usila"
"res_custom_city_mx_oax_137","base.mx","base.state_mx_oax","San Francisco Cahuacuá"
"res_custom_city_mx_oax_138","base.mx","base.state_mx_oax","San Francisco Cajonos"
"res_custom_city_mx_oax_139","base.mx","base.state_mx_oax","San Francisco Chapulapa"
"res_custom_city_mx_oax_140","base.mx","base.state_mx_oax","San Francisco Chindúa"
"res_custom_city_mx_oax_141","base.mx","base.state_mx_oax","San Francisco del Mar"
"res_custom_city_mx_oax_142","base.mx","base.state_mx_oax","San Francisco Huehuetlán"
"res_custom_city_mx_oax_143","base.mx","base.state_mx_oax","San Francisco Ixhuatán"
"res_custom_city_mx_oax_144","base.mx","base.state_mx_oax","San Francisco Jaltepetongo"
"res_custom_city_mx_oax_145","base.mx","base.state_mx_oax","San Francisco Lachigoló"
"res_custom_city_mx_oax_146","base.mx","base.state_mx_oax","San Francisco Logueche"
"res_custom_city_mx_oax_147","base.mx","base.state_mx_oax","San Francisco Nuxaño"
"res_custom_city_mx_oax_148","base.mx","base.state_mx_oax","San Francisco Ozolotepec"
"res_custom_city_mx_oax_149","base.mx","base.state_mx_oax","San Francisco Sola"
"res_custom_city_mx_oax_150","base.mx","base.state_mx_oax","San Francisco Telixtlahuaca"
"res_custom_city_mx_oax_151","base.mx","base.state_mx_oax","San Francisco Teopan"
"res_custom_city_mx_oax_152","base.mx","base.state_mx_oax","San Francisco Tlapancingo"
"res_custom_city_mx_oax_153","base.mx","base.state_mx_oax","San Gabriel Mixtepec"
"res_custom_city_mx_oax_154","base.mx","base.state_mx_oax","San Ildefonso Amatlán"
"res_custom_city_mx_oax_155","base.mx","base.state_mx_oax","San Ildefonso Sola"
"res_custom_city_mx_oax_156","base.mx","base.state_mx_oax","San Ildefonso Villa Alta"
"res_custom_city_mx_oax_157","base.mx","base.state_mx_oax","San Jacinto Amilpas"
"res_custom_city_mx_oax_158","base.mx","base.state_mx_oax","San Jacinto Tlacotepec"
"res_custom_city_mx_oax_159","base.mx","base.state_mx_oax","San Jerónimo Coatlán"
"res_custom_city_mx_oax_160","base.mx","base.state_mx_oax","San Jerónimo Silacayoapilla"
"res_custom_city_mx_oax_161","base.mx","base.state_mx_oax","San Jerónimo Sosola"
"res_custom_city_mx_oax_162","base.mx","base.state_mx_oax","San Jerónimo Taviche"
"res_custom_city_mx_oax_163","base.mx","base.state_mx_oax","San Jerónimo Tecóatl"
"res_custom_city_mx_oax_164","base.mx","base.state_mx_oax","San Jorge Nuchita"
"res_custom_city_mx_oax_165","base.mx","base.state_mx_oax","San José Ayuquila"
"res_custom_city_mx_oax_166","base.mx","base.state_mx_oax","San José Chiltepec"
"res_custom_city_mx_oax_167","base.mx","base.state_mx_oax","San José del Peñasco"
"res_custom_city_mx_oax_168","base.mx","base.state_mx_oax","San José Estancia Grande"
"res_custom_city_mx_oax_169","base.mx","base.state_mx_oax","San José Independencia"
"res_custom_city_mx_oax_170","base.mx","base.state_mx_oax","San José Lachiguiri"
"res_custom_city_mx_oax_171","base.mx","base.state_mx_oax","San José Tenango"
"res_custom_city_mx_oax_172","base.mx","base.state_mx_oax","San Juan Achiutla"
"res_custom_city_mx_oax_173","base.mx","base.state_mx_oax","San Juan Atepec"
"res_custom_city_mx_oax_174","base.mx","base.state_mx_oax","Ánimas Trujano"
"res_custom_city_mx_oax_175","base.mx","base.state_mx_oax","San Juan Bautista Atatlahuca"
"res_custom_city_mx_oax_176","base.mx","base.state_mx_oax","San Juan Bautista Coixtlahuaca"
"res_custom_city_mx_oax_177","base.mx","base.state_mx_oax","San Juan Bautista Cuicatlán"
"res_custom_city_mx_oax_178","base.mx","base.state_mx_oax","San Juan Bautista Guelache"
"res_custom_city_mx_oax_179","base.mx","base.state_mx_oax","San Juan Bautista Jayacatlán"
"res_custom_city_mx_oax_180","base.mx","base.state_mx_oax","San Juan Bautista Lo de Soto"
"res_custom_city_mx_oax_181","base.mx","base.state_mx_oax","San Juan Bautista Suchitepec"
"res_custom_city_mx_oax_182","base.mx","base.state_mx_oax","San Juan Bautista Tlacoatzintepec"
"res_custom_city_mx_oax_183","base.mx","base.state_mx_oax","San Juan Bautista Tlachichilco"
"res_custom_city_mx_oax_184","base.mx","base.state_mx_oax","San Juan Bautista Tuxtepec"
"res_custom_city_mx_oax_185","base.mx","base.state_mx_oax","San Juan Cacahuatepec"
"res_custom_city_mx_oax_186","base.mx","base.state_mx_oax","San Juan Cieneguilla"
"res_custom_city_mx_oax_187","base.mx","base.state_mx_oax","San Juan Coatzóspam"
"res_custom_city_mx_oax_188","base.mx","base.state_mx_oax","San Juan Colorado"
"res_custom_city_mx_oax_189","base.mx","base.state_mx_oax","San Juan Comaltepec"
"res_custom_city_mx_oax_190","base.mx","base.state_mx_oax","San Juan Cotzocón"
"res_custom_city_mx_oax_191","base.mx","base.state_mx_oax","San Juan Chicomezúchil"
"res_custom_city_mx_oax_192","base.mx","base.state_mx_oax","San Juan Chilateca"
"res_custom_city_mx_oax_193","base.mx","base.state_mx_oax","San Juan del Estado"
"res_custom_city_mx_oax_194","base.mx","base.state_mx_oax","San Juan del Río"
"res_custom_city_mx_oax_195","base.mx","base.state_mx_oax","San Juan Diuxi"
"res_custom_city_mx_oax_196","base.mx","base.state_mx_oax","San Juan Evangelista Analco"
"res_custom_city_mx_oax_197","base.mx","base.state_mx_oax","San Juan Guelavía"
"res_custom_city_mx_oax_198","base.mx","base.state_mx_oax","San Juan Guichicovi"
"res_custom_city_mx_oax_199","base.mx","base.state_mx_oax","San Juan Ihualtepec"
"res_custom_city_mx_oax_200","base.mx","base.state_mx_oax","San Juan Juquila Mixes"
"res_custom_city_mx_oax_201","base.mx","base.state_mx_oax","San Juan Juquila Vijanos"
"res_custom_city_mx_oax_202","base.mx","base.state_mx_oax","San Juan Lachao"
"res_custom_city_mx_oax_203","base.mx","base.state_mx_oax","San Juan Lachigalla"
"res_custom_city_mx_oax_204","base.mx","base.state_mx_oax","San Juan Lajarcia"
"res_custom_city_mx_oax_205","base.mx","base.state_mx_oax","San Juan Lalana"
"res_custom_city_mx_oax_206","base.mx","base.state_mx_oax","San Juan de los Cués"
"res_custom_city_mx_oax_207","base.mx","base.state_mx_oax","San Juan Mazatlán"
"res_custom_city_mx_oax_208","base.mx","base.state_mx_oax","San Juan Mixtepec -Dto. 08 - "
"res_custom_city_mx_oax_209","base.mx","base.state_mx_oax","San Juan Mixtepec -Dto. 26 - "
"res_custom_city_mx_oax_210","base.mx","base.state_mx_oax","San Juan Ñumí"
"res_custom_city_mx_oax_211","base.mx","base.state_mx_oax","San Juan Ozolotepec"
"res_custom_city_mx_oax_212","base.mx","base.state_mx_oax","San Juan Petlapa"
"res_custom_city_mx_oax_213","base.mx","base.state_mx_oax","San Juan Quiahije"
"res_custom_city_mx_oax_214","base.mx","base.state_mx_oax","San Juan Quiotepec"
"res_custom_city_mx_oax_215","base.mx","base.state_mx_oax","San Juan Sayultepec"
"res_custom_city_mx_oax_216","base.mx","base.state_mx_oax","San Juan Tabaá"
"res_custom_city_mx_oax_217","base.mx","base.state_mx_oax","San Juan Tamazola"
"res_custom_city_mx_oax_218","base.mx","base.state_mx_oax","San Juan Teita"
"res_custom_city_mx_oax_219","base.mx","base.state_mx_oax","San Juan Teitipac"
"res_custom_city_mx_oax_220","base.mx","base.state_mx_oax","San Juan Tepeuxila"
"res_custom_city_mx_oax_221","base.mx","base.state_mx_oax","San Juan Teposcolula"
"res_custom_city_mx_oax_222","base.mx","base.state_mx_oax","San Juan Yaeé"
"res_custom_city_mx_oax_223","base.mx","base.state_mx_oax","San Juan Yatzona"
"res_custom_city_mx_oax_224","base.mx","base.state_mx_oax","San Juan Yucuita"
"res_custom_city_mx_oax_225","base.mx","base.state_mx_oax","San Lorenzo"
"res_custom_city_mx_oax_226","base.mx","base.state_mx_oax","San Lorenzo Albarradas"
"res_custom_city_mx_oax_227","base.mx","base.state_mx_oax","San Lorenzo Cacaotepec"
"res_custom_city_mx_oax_228","base.mx","base.state_mx_oax","San Lorenzo Cuaunecuiltitla"
"res_custom_city_mx_oax_229","base.mx","base.state_mx_oax","San Lorenzo Texmelúcan"
"res_custom_city_mx_oax_230","base.mx","base.state_mx_oax","San Lorenzo Victoria"
"res_custom_city_mx_oax_231","base.mx","base.state_mx_oax","San Lucas Camotlán"
"res_custom_city_mx_oax_232","base.mx","base.state_mx_oax","San Lucas Ojitlán"
"res_custom_city_mx_oax_233","base.mx","base.state_mx_oax","San Lucas Quiaviní"
"res_custom_city_mx_oax_234","base.mx","base.state_mx_oax","San Lucas Zoquiápam"
"res_custom_city_mx_oax_235","base.mx","base.state_mx_oax","San Luis Amatlán"
"res_custom_city_mx_oax_236","base.mx","base.state_mx_oax","San Marcial Ozolotepec"
"res_custom_city_mx_oax_237","base.mx","base.state_mx_oax","San Marcos Arteaga"
"res_custom_city_mx_oax_238","base.mx","base.state_mx_oax","San Martín de los Cansecos"
"res_custom_city_mx_oax_239","base.mx","base.state_mx_oax","San Martín Huamelúlpam"
"res_custom_city_mx_oax_240","base.mx","base.state_mx_oax","San Martín Itunyoso"
"res_custom_city_mx_oax_241","base.mx","base.state_mx_oax","San Martín Lachilá"
"res_custom_city_mx_oax_242","base.mx","base.state_mx_oax","San Martín Peras"
"res_custom_city_mx_oax_243","base.mx","base.state_mx_oax","San Martín Tilcajete"
"res_custom_city_mx_oax_244","base.mx","base.state_mx_oax","San Martín Toxpalan"
"res_custom_city_mx_oax_245","base.mx","base.state_mx_oax","San Martín Zacatepec"
"res_custom_city_mx_oax_246","base.mx","base.state_mx_oax","San Mateo Cajonos"
"res_custom_city_mx_oax_247","base.mx","base.state_mx_oax","Capulálpam de Méndez"
"res_custom_city_mx_oax_248","base.mx","base.state_mx_oax","San Mateo del Mar"
"res_custom_city_mx_oax_249","base.mx","base.state_mx_oax","San Mateo Yoloxochitlán"
"res_custom_city_mx_oax_250","base.mx","base.state_mx_oax","San Mateo Etlatongo"
"res_custom_city_mx_oax_251","base.mx","base.state_mx_oax","San Mateo Nejápam"
"res_custom_city_mx_oax_252","base.mx","base.state_mx_oax","San Mateo Peñasco"
"res_custom_city_mx_oax_253","base.mx","base.state_mx_oax","San Mateo Piñas"
"res_custom_city_mx_oax_254","base.mx","base.state_mx_oax","San Mateo Río Hondo"
"res_custom_city_mx_oax_255","base.mx","base.state_mx_oax","San Mateo Sindihui"
"res_custom_city_mx_oax_256","base.mx","base.state_mx_oax","San Mateo Tlapiltepec"
"res_custom_city_mx_oax_257","base.mx","base.state_mx_oax","San Melchor Betaza"
"res_custom_city_mx_oax_258","base.mx","base.state_mx_oax","San Miguel Achiutla"
"res_custom_city_mx_oax_259","base.mx","base.state_mx_oax","San Miguel Ahuehuetitlán"
"res_custom_city_mx_oax_260","base.mx","base.state_mx_oax","San Miguel Aloápam"
"res_custom_city_mx_oax_261","base.mx","base.state_mx_oax","San Miguel Amatitlán"
"res_custom_city_mx_oax_262","base.mx","base.state_mx_oax","San Miguel Amatlán"
"res_custom_city_mx_oax_263","base.mx","base.state_mx_oax","San Miguel Coatlán"
"res_custom_city_mx_oax_264","base.mx","base.state_mx_oax","San Miguel Chicahua"
"res_custom_city_mx_oax_265","base.mx","base.state_mx_oax","San Miguel Chimalapa"
"res_custom_city_mx_oax_266","base.mx","base.state_mx_oax","San Miguel del Puerto"
"res_custom_city_mx_oax_267","base.mx","base.state_mx_oax","San Miguel del Río"
"res_custom_city_mx_oax_268","base.mx","base.state_mx_oax","San Miguel Ejutla"
"res_custom_city_mx_oax_269","base.mx","base.state_mx_oax","San Miguel el Grande"
"res_custom_city_mx_oax_270","base.mx","base.state_mx_oax","San Miguel Huautla"
"res_custom_city_mx_oax_271","base.mx","base.state_mx_oax","San Miguel Mixtepec"
"res_custom_city_mx_oax_272","base.mx","base.state_mx_oax","San Miguel Panixtlahuaca"
"res_custom_city_mx_oax_273","base.mx","base.state_mx_oax","San Miguel Peras"
"res_custom_city_mx_oax_274","base.mx","base.state_mx_oax","San Miguel Piedras"
"res_custom_city_mx_oax_275","base.mx","base.state_mx_oax","San Miguel Quetzaltepec"
"res_custom_city_mx_oax_276","base.mx","base.state_mx_oax","San Miguel Santa Flor"
"res_custom_city_mx_oax_277","base.mx","base.state_mx_oax","Villa Sola de Vega"
"res_custom_city_mx_oax_278","base.mx","base.state_mx_oax","San Miguel Soyaltepec"
"res_custom_city_mx_oax_279","base.mx","base.state_mx_oax","San Miguel Suchixtepec"
"res_custom_city_mx_oax_280","base.mx","base.state_mx_oax","Villa Talea de Castro"
"res_custom_city_mx_oax_281","base.mx","base.state_mx_oax","San Miguel Tecomatlán"
"res_custom_city_mx_oax_282","base.mx","base.state_mx_oax","San Miguel Tenango"
"res_custom_city_mx_oax_283","base.mx","base.state_mx_oax","San Miguel Tequixtepec"
"res_custom_city_mx_oax_284","base.mx","base.state_mx_oax","San Miguel Tilquiápam"
"res_custom_city_mx_oax_285","base.mx","base.state_mx_oax","San Miguel Tlacamama"
"res_custom_city_mx_oax_286","base.mx","base.state_mx_oax","San Miguel Tlacotepec"
"res_custom_city_mx_oax_287","base.mx","base.state_mx_oax","San Miguel Tulancingo"
"res_custom_city_mx_oax_288","base.mx","base.state_mx_oax","San Miguel Yotao"
"res_custom_city_mx_oax_289","base.mx","base.state_mx_oax","San Nicolás"
"res_custom_city_mx_oax_290","base.mx","base.state_mx_oax","San Nicolás Hidalgo"
"res_custom_city_mx_oax_291","base.mx","base.state_mx_oax","San Pablo Coatlán"
"res_custom_city_mx_oax_292","base.mx","base.state_mx_oax","San Pablo Cuatro Venados"
"res_custom_city_mx_oax_293","base.mx","base.state_mx_oax","San Pablo Etla"
"res_custom_city_mx_oax_294","base.mx","base.state_mx_oax","San Pablo Huitzo"
"res_custom_city_mx_oax_295","base.mx","base.state_mx_oax","San Pablo Huixtepec"
"res_custom_city_mx_oax_296","base.mx","base.state_mx_oax","San Pablo Macuiltianguis"
"res_custom_city_mx_oax_297","base.mx","base.state_mx_oax","San Pablo Tijaltepec"
"res_custom_city_mx_oax_298","base.mx","base.state_mx_oax","San Pablo Villa de Mitla"
"res_custom_city_mx_oax_299","base.mx","base.state_mx_oax","San Pablo Yaganiza"
"res_custom_city_mx_oax_300","base.mx","base.state_mx_oax","San Pedro Amuzgos"
"res_custom_city_mx_oax_301","base.mx","base.state_mx_oax","San Pedro Apóstol"
"res_custom_city_mx_oax_302","base.mx","base.state_mx_oax","San Pedro Atoyac"
"res_custom_city_mx_oax_303","base.mx","base.state_mx_oax","San Pedro Cajonos"
"res_custom_city_mx_oax_304","base.mx","base.state_mx_oax","San Pedro Coxcaltepec Cántaros"
"res_custom_city_mx_oax_305","base.mx","base.state_mx_oax","San Pedro Comitancillo"
"res_custom_city_mx_oax_306","base.mx","base.state_mx_oax","San Pedro el Alto"
"res_custom_city_mx_oax_307","base.mx","base.state_mx_oax","San Pedro Huamelula"
"res_custom_city_mx_oax_308","base.mx","base.state_mx_oax","San Pedro Huilotepec"
"res_custom_city_mx_oax_309","base.mx","base.state_mx_oax","San Pedro Ixcatlán"
"res_custom_city_mx_oax_310","base.mx","base.state_mx_oax","San Pedro Ixtlahuaca"
"res_custom_city_mx_oax_311","base.mx","base.state_mx_oax","San Pedro Jaltepetongo"
"res_custom_city_mx_oax_312","base.mx","base.state_mx_oax","San Pedro Jicayán"
"res_custom_city_mx_oax_313","base.mx","base.state_mx_oax","San Pedro Jocotipac"
"res_custom_city_mx_oax_314","base.mx","base.state_mx_oax","San Pedro Juchatengo"
"res_custom_city_mx_oax_315","base.mx","base.state_mx_oax","San Pedro Mártir"
"res_custom_city_mx_oax_316","base.mx","base.state_mx_oax","San Pedro Mártir Quiechapa"
"res_custom_city_mx_oax_317","base.mx","base.state_mx_oax","San Pedro Mártir Yucuxaco"
"res_custom_city_mx_oax_318","base.mx","base.state_mx_oax","San Pedro Mixtepec -Dto. 22 - "
"res_custom_city_mx_oax_319","base.mx","base.state_mx_oax","San Pedro Mixtepec -Dto. 26 - "
"res_custom_city_mx_oax_320","base.mx","base.state_mx_oax","San Pedro Molinos"
"res_custom_city_mx_oax_321","base.mx","base.state_mx_oax","San Pedro Nopala"
"res_custom_city_mx_oax_322","base.mx","base.state_mx_oax","San Pedro Ocopetatillo"
"res_custom_city_mx_oax_323","base.mx","base.state_mx_oax","San Pedro Ocotepec"
"res_custom_city_mx_oax_324","base.mx","base.state_mx_oax","San Pedro Pochutla"
"res_custom_city_mx_oax_325","base.mx","base.state_mx_oax","San Pedro Quiatoni"
"res_custom_city_mx_oax_326","base.mx","base.state_mx_oax","San Pedro Sochiápam"
"res_custom_city_mx_oax_327","base.mx","base.state_mx_oax","San Pedro Tapanatepec"
"res_custom_city_mx_oax_328","base.mx","base.state_mx_oax","San Pedro Taviche"
"res_custom_city_mx_oax_329","base.mx","base.state_mx_oax","San Pedro Teozacoalco"
"res_custom_city_mx_oax_330","base.mx","base.state_mx_oax","San Pedro Teutila"
"res_custom_city_mx_oax_331","base.mx","base.state_mx_oax","San Pedro Tidaá"
"res_custom_city_mx_oax_332","base.mx","base.state_mx_oax","San Pedro Topiltepec"
"res_custom_city_mx_oax_333","base.mx","base.state_mx_oax","San Pedro Totolápam"
"res_custom_city_mx_oax_334","base.mx","base.state_mx_oax","Villa de Tututepec de Melchor Ocampo"
"res_custom_city_mx_oax_335","base.mx","base.state_mx_oax","San Pedro Yaneri"
"res_custom_city_mx_oax_336","base.mx","base.state_mx_oax","San Pedro Yólox"
"res_custom_city_mx_oax_337","base.mx","base.state_mx_oax","San Pedro y San Pablo Ayutla"
"res_custom_city_mx_oax_338","base.mx","base.state_mx_oax","Villa de Etla"
"res_custom_city_mx_oax_339","base.mx","base.state_mx_oax","San Pedro y San Pablo Teposcolula"
"res_custom_city_mx_oax_340","base.mx","base.state_mx_oax","San Pedro y San Pablo Tequixtepec"
"res_custom_city_mx_oax_341","base.mx","base.state_mx_oax","San Pedro Yucunama"
"res_custom_city_mx_oax_342","base.mx","base.state_mx_oax","San Raymundo Jalpan"
"res_custom_city_mx_oax_343","base.mx","base.state_mx_oax","San Sebastián Abasolo"
"res_custom_city_mx_oax_344","base.mx","base.state_mx_oax","San Sebastián Coatlán"
"res_custom_city_mx_oax_345","base.mx","base.state_mx_oax","San Sebastián Ixcapa"
"res_custom_city_mx_oax_346","base.mx","base.state_mx_oax","San Sebastián Nicananduta"
"res_custom_city_mx_oax_347","base.mx","base.state_mx_oax","San Sebastián Río Hondo"
"res_custom_city_mx_oax_348","base.mx","base.state_mx_oax","San Sebastián Tecomaxtlahuaca"
"res_custom_city_mx_oax_349","base.mx","base.state_mx_oax","San Sebastián Teitipac"
"res_custom_city_mx_oax_350","base.mx","base.state_mx_oax","San Sebastián Tutla"
"res_custom_city_mx_oax_351","base.mx","base.state_mx_oax","San Simón Almolongas"
"res_custom_city_mx_oax_352","base.mx","base.state_mx_oax","San Simón Zahuatlán"
"res_custom_city_mx_oax_353","base.mx","base.state_mx_oax","Santa Ana"
"res_custom_city_mx_oax_354","base.mx","base.state_mx_oax","Santa Ana Ateixtlahuaca"
"res_custom_city_mx_oax_355","base.mx","base.state_mx_oax","Santa Ana Cuauhtémoc"
"res_custom_city_mx_oax_356","base.mx","base.state_mx_oax","Santa Ana del Valle"
"res_custom_city_mx_oax_357","base.mx","base.state_mx_oax","Santa Ana Tavela"
"res_custom_city_mx_oax_358","base.mx","base.state_mx_oax","Santa Ana Tlapacoyan"
"res_custom_city_mx_oax_359","base.mx","base.state_mx_oax","Santa Ana Yareni"
"res_custom_city_mx_oax_360","base.mx","base.state_mx_oax","Santa Ana Zegache"
"res_custom_city_mx_oax_361","base.mx","base.state_mx_oax","Santa Catalina Quierí"
"res_custom_city_mx_oax_362","base.mx","base.state_mx_oax","Santa Catarina Cuixtla"
"res_custom_city_mx_oax_363","base.mx","base.state_mx_oax","Santa Catarina Ixtepeji"
"res_custom_city_mx_oax_364","base.mx","base.state_mx_oax","Santa Catarina Juquila"
"res_custom_city_mx_oax_365","base.mx","base.state_mx_oax","Santa Catarina Lachatao"
"res_custom_city_mx_oax_366","base.mx","base.state_mx_oax","Santa Catarina Loxicha"
"res_custom_city_mx_oax_367","base.mx","base.state_mx_oax","Santa Catarina Mechoacán"
"res_custom_city_mx_oax_368","base.mx","base.state_mx_oax","Santa Catarina Minas"
"res_custom_city_mx_oax_369","base.mx","base.state_mx_oax","Santa Catarina Quiané"
"res_custom_city_mx_oax_370","base.mx","base.state_mx_oax","Santa Catarina Tayata"
"res_custom_city_mx_oax_371","base.mx","base.state_mx_oax","Santa Catarina Ticuá"
"res_custom_city_mx_oax_372","base.mx","base.state_mx_oax","Santa Catarina Yosonotú"
"res_custom_city_mx_oax_373","base.mx","base.state_mx_oax","Santa Catarina Zapoquila"
"res_custom_city_mx_oax_374","base.mx","base.state_mx_oax","Santa Cruz Acatepec"
"res_custom_city_mx_oax_375","base.mx","base.state_mx_oax","Santa Cruz Amilpas"
"res_custom_city_mx_oax_376","base.mx","base.state_mx_oax","Santa Cruz de Bravo"
"res_custom_city_mx_oax_377","base.mx","base.state_mx_oax","Santa Cruz Itundujia"
"res_custom_city_mx_oax_378","base.mx","base.state_mx_oax","Santa Cruz Mixtepec"
"res_custom_city_mx_oax_379","base.mx","base.state_mx_oax","Santa Cruz Nundaco"
"res_custom_city_mx_oax_380","base.mx","base.state_mx_oax","Santa Cruz Papalutla"
"res_custom_city_mx_oax_381","base.mx","base.state_mx_oax","Santa Cruz Tacache de Mina"
"res_custom_city_mx_oax_382","base.mx","base.state_mx_oax","Santa Cruz Tacahua"
"res_custom_city_mx_oax_383","base.mx","base.state_mx_oax","Santa Cruz Tayata"
"res_custom_city_mx_oax_384","base.mx","base.state_mx_oax","Santa Cruz Xitla"
"res_custom_city_mx_oax_385","base.mx","base.state_mx_oax","Santa Cruz Xoxocotlán"
"res_custom_city_mx_oax_386","base.mx","base.state_mx_oax","Santa Cruz Zenzontepec"
"res_custom_city_mx_oax_387","base.mx","base.state_mx_oax","Santa Gertrudis"
"res_custom_city_mx_oax_388","base.mx","base.state_mx_oax","Santa Inés del Monte"
"res_custom_city_mx_oax_389","base.mx","base.state_mx_oax","Santa Inés Yatzeche"
"res_custom_city_mx_oax_390","base.mx","base.state_mx_oax","Santa Lucía del Camino"
"res_custom_city_mx_oax_391","base.mx","base.state_mx_oax","Santa Lucía Miahuatlán"
"res_custom_city_mx_oax_392","base.mx","base.state_mx_oax","Santa Lucía Monteverde"
"res_custom_city_mx_oax_393","base.mx","base.state_mx_oax","Santa Lucía Ocotlán"
"res_custom_city_mx_oax_394","base.mx","base.state_mx_oax","Santa María Alotepec"
"res_custom_city_mx_oax_395","base.mx","base.state_mx_oax","Santa María Apazco"
"res_custom_city_mx_oax_396","base.mx","base.state_mx_oax","Santa María la Asunción"
"res_custom_city_mx_oax_397","base.mx","base.state_mx_oax","Heroica Ciudad de Tlaxiaco"
"res_custom_city_mx_oax_398","base.mx","base.state_mx_oax","Ayoquezco de Aldama"
"res_custom_city_mx_oax_399","base.mx","base.state_mx_oax","Santa María Atzompa"
"res_custom_city_mx_oax_400","base.mx","base.state_mx_oax","Santa María Camotlán"
"res_custom_city_mx_oax_401","base.mx","base.state_mx_oax","Santa María Colotepec"
"res_custom_city_mx_oax_402","base.mx","base.state_mx_oax","Santa María Cortijo"
"res_custom_city_mx_oax_403","base.mx","base.state_mx_oax","Santa María Coyotepec"
"res_custom_city_mx_oax_404","base.mx","base.state_mx_oax","Santa María Chachoápam"
"res_custom_city_mx_oax_405","base.mx","base.state_mx_oax","Villa de Chilapa de Díaz"
"res_custom_city_mx_oax_406","base.mx","base.state_mx_oax","Santa María Chilchotla"
"res_custom_city_mx_oax_407","base.mx","base.state_mx_oax","Santa María Chimalapa"
"res_custom_city_mx_oax_408","base.mx","base.state_mx_oax","Santa María del Rosario"
"res_custom_city_mx_oax_409","base.mx","base.state_mx_oax","Santa María del Tule"
"res_custom_city_mx_oax_410","base.mx","base.state_mx_oax","Santa María Ecatepec"
"res_custom_city_mx_oax_411","base.mx","base.state_mx_oax","Santa María Guelacé"
"res_custom_city_mx_oax_412","base.mx","base.state_mx_oax","Santa María Guienagati"
"res_custom_city_mx_oax_413","base.mx","base.state_mx_oax","Santa María Huatulco"
"res_custom_city_mx_oax_414","base.mx","base.state_mx_oax","Santa María Huazolotitlán"
"res_custom_city_mx_oax_415","base.mx","base.state_mx_oax","Santa María Ipalapa"
"res_custom_city_mx_oax_416","base.mx","base.state_mx_oax","Santa María Ixcatlán"
"res_custom_city_mx_oax_417","base.mx","base.state_mx_oax","Santa María Jacatepec"
"res_custom_city_mx_oax_418","base.mx","base.state_mx_oax","Santa María Jalapa del Marqués"
"res_custom_city_mx_oax_419","base.mx","base.state_mx_oax","Santa María Jaltianguis"
"res_custom_city_mx_oax_420","base.mx","base.state_mx_oax","Santa María Lachixío"
"res_custom_city_mx_oax_421","base.mx","base.state_mx_oax","Santa María Mixtequilla"
"res_custom_city_mx_oax_422","base.mx","base.state_mx_oax","Santa María Nativitas"
"res_custom_city_mx_oax_423","base.mx","base.state_mx_oax","Santa María Nduayaco"
"res_custom_city_mx_oax_424","base.mx","base.state_mx_oax","Santa María Ozolotepec"
"res_custom_city_mx_oax_425","base.mx","base.state_mx_oax","Santa María Pápalo"
"res_custom_city_mx_oax_426","base.mx","base.state_mx_oax","Santa María Peñoles"
"res_custom_city_mx_oax_427","base.mx","base.state_mx_oax","Santa María Petapa"
"res_custom_city_mx_oax_428","base.mx","base.state_mx_oax","Santa María Quiegolani"
"res_custom_city_mx_oax_429","base.mx","base.state_mx_oax","Santa María Sola"
"res_custom_city_mx_oax_430","base.mx","base.state_mx_oax","Santa María Tataltepec"
"res_custom_city_mx_oax_431","base.mx","base.state_mx_oax","Santa María Tecomavaca"
"res_custom_city_mx_oax_432","base.mx","base.state_mx_oax","Santa María Temaxcalapa"
"res_custom_city_mx_oax_433","base.mx","base.state_mx_oax","Santa María Temaxcaltepec"
"res_custom_city_mx_oax_434","base.mx","base.state_mx_oax","Santa María Teopoxco"
"res_custom_city_mx_oax_435","base.mx","base.state_mx_oax","Santa María Tepantlali"
"res_custom_city_mx_oax_436","base.mx","base.state_mx_oax","Santa María Texcatitlán"
"res_custom_city_mx_oax_437","base.mx","base.state_mx_oax","Santa María Tlahuitoltepec"
"res_custom_city_mx_oax_438","base.mx","base.state_mx_oax","Santa María Tlalixtac"
"res_custom_city_mx_oax_439","base.mx","base.state_mx_oax","Santa María Tonameca"
"res_custom_city_mx_oax_440","base.mx","base.state_mx_oax","Santa María Totolapilla"
"res_custom_city_mx_oax_441","base.mx","base.state_mx_oax","Santa María Xadani"
"res_custom_city_mx_oax_442","base.mx","base.state_mx_oax","Santa María Yalina"
"res_custom_city_mx_oax_443","base.mx","base.state_mx_oax","Santa María Yavesía"
"res_custom_city_mx_oax_444","base.mx","base.state_mx_oax","Santa María Yolotepec"
"res_custom_city_mx_oax_445","base.mx","base.state_mx_oax","Santa María Yosoyúa"
"res_custom_city_mx_oax_446","base.mx","base.state_mx_oax","Santa María Yucuhiti"
"res_custom_city_mx_oax_447","base.mx","base.state_mx_oax","Santa María Zacatepec"
"res_custom_city_mx_oax_448","base.mx","base.state_mx_oax","Santa María Zaniza"
"res_custom_city_mx_oax_449","base.mx","base.state_mx_oax","Santa María Zoquitlán"
"res_custom_city_mx_oax_450","base.mx","base.state_mx_oax","Santiago Amoltepec"
"res_custom_city_mx_oax_451","base.mx","base.state_mx_oax","Santiago Apoala"
"res_custom_city_mx_oax_452","base.mx","base.state_mx_oax","Santiago Apóstol"
"res_custom_city_mx_oax_453","base.mx","base.state_mx_oax","Santiago Astata"
"res_custom_city_mx_oax_454","base.mx","base.state_mx_oax","Santiago Atitlán"
"res_custom_city_mx_oax_455","base.mx","base.state_mx_oax","Santiago Ayuquililla"
"res_custom_city_mx_oax_456","base.mx","base.state_mx_oax","Santiago Cacaloxtepec"
"res_custom_city_mx_oax_457","base.mx","base.state_mx_oax","Santiago Camotlán"
"res_custom_city_mx_oax_458","base.mx","base.state_mx_oax","Santiago Comaltepec"
"res_custom_city_mx_oax_459","base.mx","base.state_mx_oax","Santiago Chazumba"
"res_custom_city_mx_oax_460","base.mx","base.state_mx_oax","Santiago Choápam"
"res_custom_city_mx_oax_461","base.mx","base.state_mx_oax","Santiago del Río"
"res_custom_city_mx_oax_462","base.mx","base.state_mx_oax","Santiago Huajolotitlán"
"res_custom_city_mx_oax_463","base.mx","base.state_mx_oax","Santiago Huauclilla"
"res_custom_city_mx_oax_464","base.mx","base.state_mx_oax","Santiago Ihuitlán Plumas"
"res_custom_city_mx_oax_465","base.mx","base.state_mx_oax","Santiago Ixcuintepec"
"res_custom_city_mx_oax_466","base.mx","base.state_mx_oax","Santiago Ixtayutla"
"res_custom_city_mx_oax_467","base.mx","base.state_mx_oax","Santiago Jamiltepec"
"res_custom_city_mx_oax_468","base.mx","base.state_mx_oax","Santiago Jocotepec"
"res_custom_city_mx_oax_469","base.mx","base.state_mx_oax","Santiago Juxtlahuaca"
"res_custom_city_mx_oax_470","base.mx","base.state_mx_oax","Santiago Lachiguiri"
"res_custom_city_mx_oax_471","base.mx","base.state_mx_oax","Santiago Lalopa"
"res_custom_city_mx_oax_472","base.mx","base.state_mx_oax","Santiago Laollaga"
"res_custom_city_mx_oax_473","base.mx","base.state_mx_oax","Santiago Laxopa"
"res_custom_city_mx_oax_474","base.mx","base.state_mx_oax","Santiago Llano Grande"
"res_custom_city_mx_oax_475","base.mx","base.state_mx_oax","Santiago Matatlán"
"res_custom_city_mx_oax_476","base.mx","base.state_mx_oax","Santiago Miltepec"
"res_custom_city_mx_oax_477","base.mx","base.state_mx_oax","Santiago Minas"
"res_custom_city_mx_oax_478","base.mx","base.state_mx_oax","Santiago Nacaltepec"
"res_custom_city_mx_oax_479","base.mx","base.state_mx_oax","Santiago Nejapilla"
"res_custom_city_mx_oax_480","base.mx","base.state_mx_oax","Santiago Nundiche"
"res_custom_city_mx_oax_481","base.mx","base.state_mx_oax","Santiago Nuyoó"
"res_custom_city_mx_oax_482","base.mx","base.state_mx_oax","Santiago Pinotepa Nacional"
"res_custom_city_mx_oax_483","base.mx","base.state_mx_oax","Santiago Suchilquitongo"
"res_custom_city_mx_oax_484","base.mx","base.state_mx_oax","Santiago Tamazola"
"res_custom_city_mx_oax_485","base.mx","base.state_mx_oax","Santiago Tapextla"
"res_custom_city_mx_oax_486","base.mx","base.state_mx_oax","Villa Tejúpam de la Unión"
"res_custom_city_mx_oax_487","base.mx","base.state_mx_oax","Santiago Tenango"
"res_custom_city_mx_oax_488","base.mx","base.state_mx_oax","Santiago Tepetlapa"
"res_custom_city_mx_oax_489","base.mx","base.state_mx_oax","Santiago Tetepec"
"res_custom_city_mx_oax_490","base.mx","base.state_mx_oax","Santiago Texcalcingo"
"res_custom_city_mx_oax_491","base.mx","base.state_mx_oax","Santiago Textitlán"
"res_custom_city_mx_oax_492","base.mx","base.state_mx_oax","Santiago Tilantongo"
"res_custom_city_mx_oax_493","base.mx","base.state_mx_oax","Santiago Tillo"
"res_custom_city_mx_oax_494","base.mx","base.state_mx_oax","Santiago Tlazoyaltepec"
"res_custom_city_mx_oax_495","base.mx","base.state_mx_oax","Santiago Xanica"
"res_custom_city_mx_oax_496","base.mx","base.state_mx_oax","Santiago Xiacuí"
"res_custom_city_mx_oax_497","base.mx","base.state_mx_oax","Santiago Yaitepec"
"res_custom_city_mx_oax_498","base.mx","base.state_mx_oax","Santiago Yaveo"
"res_custom_city_mx_oax_499","base.mx","base.state_mx_oax","Santiago Yolomécatl"
"res_custom_city_mx_oax_500","base.mx","base.state_mx_oax","Santiago Yosondúa"
"res_custom_city_mx_oax_501","base.mx","base.state_mx_oax","Santiago Yucuyachi"
"res_custom_city_mx_oax_502","base.mx","base.state_mx_oax","Santiago Zacatepec"
"res_custom_city_mx_oax_503","base.mx","base.state_mx_oax","Santiago Zoochila"
"res_custom_city_mx_oax_504","base.mx","base.state_mx_oax","Nuevo Zoquiápam"
"res_custom_city_mx_oax_505","base.mx","base.state_mx_oax","Santo Domingo Ingenio"
"res_custom_city_mx_oax_506","base.mx","base.state_mx_oax","Santo Domingo Albarradas"
"res_custom_city_mx_oax_507","base.mx","base.state_mx_oax","Santo Domingo Armenta"
"res_custom_city_mx_oax_508","base.mx","base.state_mx_oax","Santo Domingo Chihuitán"
"res_custom_city_mx_oax_509","base.mx","base.state_mx_oax","Santo Domingo de Morelos"
"res_custom_city_mx_oax_510","base.mx","base.state_mx_oax","Santo Domingo Ixcatlán"
"res_custom_city_mx_oax_511","base.mx","base.state_mx_oax","Santo Domingo Nuxaá"
"res_custom_city_mx_oax_512","base.mx","base.state_mx_oax","Santo Domingo Ozolotepec"
"res_custom_city_mx_oax_513","base.mx","base.state_mx_oax","Santo Domingo Petapa"
"res_custom_city_mx_oax_514","base.mx","base.state_mx_oax","Santo Domingo Roayaga"
"res_custom_city_mx_oax_515","base.mx","base.state_mx_oax","Santo Domingo Tehuantepec"
"res_custom_city_mx_oax_516","base.mx","base.state_mx_oax","Santo Domingo Teojomulco"
"res_custom_city_mx_oax_517","base.mx","base.state_mx_oax","Santo Domingo Tepuxtepec"
"res_custom_city_mx_oax_518","base.mx","base.state_mx_oax","Santo Domingo Tlatayápam"
"res_custom_city_mx_oax_519","base.mx","base.state_mx_oax","Santo Domingo Tomaltepec"
"res_custom_city_mx_oax_520","base.mx","base.state_mx_oax","Santo Domingo Tonalá"
"res_custom_city_mx_oax_521","base.mx","base.state_mx_oax","Santo Domingo Tonaltepec"
"res_custom_city_mx_oax_522","base.mx","base.state_mx_oax","Santo Domingo Xagacía"
"res_custom_city_mx_oax_523","base.mx","base.state_mx_oax","Santo Domingo Yanhuitlán"
"res_custom_city_mx_oax_524","base.mx","base.state_mx_oax","Santo Domingo Yodohino"
"res_custom_city_mx_oax_525","base.mx","base.state_mx_oax","Santo Domingo Zanatepec"
"res_custom_city_mx_oax_526","base.mx","base.state_mx_oax","Santos Reyes Nopala"
"res_custom_city_mx_oax_527","base.mx","base.state_mx_oax","Santos Reyes Pápalo"
"res_custom_city_mx_oax_528","base.mx","base.state_mx_oax","Santos Reyes Tepejillo"
"res_custom_city_mx_oax_529","base.mx","base.state_mx_oax","Santos Reyes Yucuná"
"res_custom_city_mx_oax_530","base.mx","base.state_mx_oax","Santo Tomás Jalieza"
"res_custom_city_mx_oax_531","base.mx","base.state_mx_oax","Santo Tomás Mazaltepec"
"res_custom_city_mx_oax_532","base.mx","base.state_mx_oax","Santo Tomás Ocotepec"
"res_custom_city_mx_oax_533","base.mx","base.state_mx_oax","Santo Tomás Tamazulapan"
"res_custom_city_mx_oax_534","base.mx","base.state_mx_oax","San Vicente Coatlán"
"res_custom_city_mx_oax_535","base.mx","base.state_mx_oax","San Vicente Lachixío"
"res_custom_city_mx_oax_536","base.mx","base.state_mx_oax","San Vicente Nuñú"
"res_custom_city_mx_oax_537","base.mx","base.state_mx_oax","Silacayoápam"
"res_custom_city_mx_oax_538","base.mx","base.state_mx_oax","Sitio de Xitlapehua"
"res_custom_city_mx_oax_539","base.mx","base.state_mx_oax","Soledad Etla"
"res_custom_city_mx_oax_540","base.mx","base.state_mx_oax","Villa de Tamazulápam del Progreso"
"res_custom_city_mx_oax_541","base.mx","base.state_mx_oax","Tanetze de Zaragoza"
"res_custom_city_mx_oax_542","base.mx","base.state_mx_oax","Taniche"
"res_custom_city_mx_oax_543","base.mx","base.state_mx_oax","Tataltepec de Valdés"
"res_custom_city_mx_oax_544","base.mx","base.state_mx_oax","Teococuilco de Marcos Pérez"
"res_custom_city_mx_oax_545","base.mx","base.state_mx_oax","Teotitlán de Flores Magón"
"res_custom_city_mx_oax_546","base.mx","base.state_mx_oax","Teotitlán del Valle"
"res_custom_city_mx_oax_547","base.mx","base.state_mx_oax","Teotongo"
"res_custom_city_mx_oax_548","base.mx","base.state_mx_oax","Tepelmeme Villa de Morelos"
"res_custom_city_mx_oax_549","base.mx","base.state_mx_oax","Tezoatlán de Segura y Luna"
"res_custom_city_mx_oax_550","base.mx","base.state_mx_oax","San Jerónimo Tlacochahuaya"
"res_custom_city_mx_oax_551","base.mx","base.state_mx_oax","Tlacolula de Matamoros"
"res_custom_city_mx_oax_552","base.mx","base.state_mx_oax","Tlacotepec Plumas"
"res_custom_city_mx_oax_553","base.mx","base.state_mx_oax","Tlalixtac de Cabrera"
"res_custom_city_mx_oax_554","base.mx","base.state_mx_oax","Totontepec Villa de Morelos"
"res_custom_city_mx_oax_555","base.mx","base.state_mx_oax","Trinidad Zaachila"
"res_custom_city_mx_oax_556","base.mx","base.state_mx_oax","La Trinidad Vista Hermosa"
"res_custom_city_mx_oax_557","base.mx","base.state_mx_oax","Unión Hidalgo"
"res_custom_city_mx_oax_558","base.mx","base.state_mx_oax","Valerio Trujano"
"res_custom_city_mx_oax_559","base.mx","base.state_mx_oax","San Juan Bautista Valle Nacional"
"res_custom_city_mx_oax_560","base.mx","base.state_mx_oax","Villa Díaz Ordaz"
"res_custom_city_mx_oax_561","base.mx","base.state_mx_oax","Yaxe"
"res_custom_city_mx_oax_562","base.mx","base.state_mx_oax","Magdalena Yodocono de Porfirio Díaz"
"res_custom_city_mx_oax_563","base.mx","base.state_mx_oax","Yogana"
"res_custom_city_mx_oax_564","base.mx","base.state_mx_oax","Yutanduchi de Guerrero"
"res_custom_city_mx_oax_565","base.mx","base.state_mx_oax","Villa de Zaachila"
"res_custom_city_mx_oax_566","base.mx","base.state_mx_oax","San Mateo Yucutindoo"
"res_custom_city_mx_oax_567","base.mx","base.state_mx_oax","Zapotitlán Lagunas"
"res_custom_city_mx_oax_568","base.mx","base.state_mx_oax","Zapotitlán Palmas"
"res_custom_city_mx_oax_569","base.mx","base.state_mx_oax","Santa Inés de Zaragoza"
"res_custom_city_mx_oax_570","base.mx","base.state_mx_oax","Zimatlán de Álvarez"
"res_custom_city_mx_pue_001","base.mx","base.state_mx_pue","Acajete"
"res_custom_city_mx_pue_002","base.mx","base.state_mx_pue","Acateno"
"res_custom_city_mx_pue_003","base.mx","base.state_mx_pue","Acatlán"
"res_custom_city_mx_pue_004","base.mx","base.state_mx_pue","Acatzingo"
"res_custom_city_mx_pue_005","base.mx","base.state_mx_pue","Acteopan"
"res_custom_city_mx_pue_006","base.mx","base.state_mx_pue","Ahuacatlán"
"res_custom_city_mx_pue_007","base.mx","base.state_mx_pue","Ahuatlán"
"res_custom_city_mx_pue_008","base.mx","base.state_mx_pue","Ahuazotepec"
"res_custom_city_mx_pue_009","base.mx","base.state_mx_pue","Ahuehuetitla"
"res_custom_city_mx_pue_010","base.mx","base.state_mx_pue","Ajalpan"
"res_custom_city_mx_pue_011","base.mx","base.state_mx_pue","Albino Zertuche"
"res_custom_city_mx_pue_012","base.mx","base.state_mx_pue","Aljojuca"
"res_custom_city_mx_pue_013","base.mx","base.state_mx_pue","Altepexi"
"res_custom_city_mx_pue_014","base.mx","base.state_mx_pue","Amixtlán"
"res_custom_city_mx_pue_015","base.mx","base.state_mx_pue","Amozoc"
"res_custom_city_mx_pue_016","base.mx","base.state_mx_pue","Aquixtla"
"res_custom_city_mx_pue_017","base.mx","base.state_mx_pue","Atempan"
"res_custom_city_mx_pue_018","base.mx","base.state_mx_pue","Atexcal"
"res_custom_city_mx_pue_019","base.mx","base.state_mx_pue","Atlixco"
"res_custom_city_mx_pue_020","base.mx","base.state_mx_pue","Atoyatempan"
"res_custom_city_mx_pue_021","base.mx","base.state_mx_pue","Atzala"
"res_custom_city_mx_pue_022","base.mx","base.state_mx_pue","Atzitzihuacán"
"res_custom_city_mx_pue_023","base.mx","base.state_mx_pue","Atzitzintla"
"res_custom_city_mx_pue_024","base.mx","base.state_mx_pue","Axutla"
"res_custom_city_mx_pue_025","base.mx","base.state_mx_pue","Ayotoxco de Guerrero"
"res_custom_city_mx_pue_026","base.mx","base.state_mx_pue","Calpan"
"res_custom_city_mx_pue_027","base.mx","base.state_mx_pue","Caltepec"
"res_custom_city_mx_pue_028","base.mx","base.state_mx_pue","Camocuautla"
"res_custom_city_mx_pue_029","base.mx","base.state_mx_pue","Caxhuacan"
"res_custom_city_mx_pue_030","base.mx","base.state_mx_pue","Coatepec"
"res_custom_city_mx_pue_031","base.mx","base.state_mx_pue","Coatzingo"
"res_custom_city_mx_pue_032","base.mx","base.state_mx_pue","Cohetzala"
"res_custom_city_mx_pue_033","base.mx","base.state_mx_pue","Cohuecan"
"res_custom_city_mx_pue_034","base.mx","base.state_mx_pue","Coronango"
"res_custom_city_mx_pue_035","base.mx","base.state_mx_pue","Coxcatlán"
"res_custom_city_mx_pue_036","base.mx","base.state_mx_pue","Coyomeapan"
"res_custom_city_mx_pue_037","base.mx","base.state_mx_pue","Coyotepec"
"res_custom_city_mx_pue_038","base.mx","base.state_mx_pue","Cuapiaxtla de Madero"
"res_custom_city_mx_pue_039","base.mx","base.state_mx_pue","Cuautempan"
"res_custom_city_mx_pue_040","base.mx","base.state_mx_pue","Cuautinchán"
"res_custom_city_mx_pue_041","base.mx","base.state_mx_pue","Cuautlancingo"
"res_custom_city_mx_pue_042","base.mx","base.state_mx_pue","Cuayuca de Andrade"
"res_custom_city_mx_pue_043","base.mx","base.state_mx_pue","Cuetzalan del Progreso"
"res_custom_city_mx_pue_044","base.mx","base.state_mx_pue","Cuyoaco"
"res_custom_city_mx_pue_045","base.mx","base.state_mx_pue","Chalchicomula de Sesma"
"res_custom_city_mx_pue_046","base.mx","base.state_mx_pue","Chapulco"
"res_custom_city_mx_pue_047","base.mx","base.state_mx_pue","Chiautla"
"res_custom_city_mx_pue_048","base.mx","base.state_mx_pue","Chiautzingo"
"res_custom_city_mx_pue_049","base.mx","base.state_mx_pue","Chiconcuautla"
"res_custom_city_mx_pue_050","base.mx","base.state_mx_pue","Chichiquila"
"res_custom_city_mx_pue_051","base.mx","base.state_mx_pue","Chietla"
"res_custom_city_mx_pue_052","base.mx","base.state_mx_pue","Chigmecatitlán"
"res_custom_city_mx_pue_053","base.mx","base.state_mx_pue","Chignahuapan"
"res_custom_city_mx_pue_054","base.mx","base.state_mx_pue","Chignautla"
"res_custom_city_mx_pue_055","base.mx","base.state_mx_pue","Chila"
"res_custom_city_mx_pue_056","base.mx","base.state_mx_pue","Chila de la Sal"
"res_custom_city_mx_pue_057","base.mx","base.state_mx_pue","Honey"
"res_custom_city_mx_pue_058","base.mx","base.state_mx_pue","Chilchotla"
"res_custom_city_mx_pue_059","base.mx","base.state_mx_pue","Chinantla"
"res_custom_city_mx_pue_060","base.mx","base.state_mx_pue","Domingo Arenas"
"res_custom_city_mx_pue_061","base.mx","base.state_mx_pue","Eloxochitlán"
"res_custom_city_mx_pue_062","base.mx","base.state_mx_pue","Epatlán"
"res_custom_city_mx_pue_063","base.mx","base.state_mx_pue","Esperanza"
"res_custom_city_mx_pue_064","base.mx","base.state_mx_pue","Francisco Z. Mena"
"res_custom_city_mx_pue_065","base.mx","base.state_mx_pue","General Felipe Ángeles"
"res_custom_city_mx_pue_066","base.mx","base.state_mx_pue","Guadalupe"
"res_custom_city_mx_pue_067","base.mx","base.state_mx_pue","Guadalupe Victoria"
"res_custom_city_mx_pue_068","base.mx","base.state_mx_pue","Hermenegildo Galeana"
"res_custom_city_mx_pue_069","base.mx","base.state_mx_pue","Huaquechula"
"res_custom_city_mx_pue_070","base.mx","base.state_mx_pue","Huatlatlauca"
"res_custom_city_mx_pue_071","base.mx","base.state_mx_pue","Huauchinango"
"res_custom_city_mx_pue_072","base.mx","base.state_mx_pue","Huehuetla"
"res_custom_city_mx_pue_073","base.mx","base.state_mx_pue","Huehuetlán el Chico"
"res_custom_city_mx_pue_074","base.mx","base.state_mx_pue","Huejotzingo"
"res_custom_city_mx_pue_075","base.mx","base.state_mx_pue","Hueyapan"
"res_custom_city_mx_pue_076","base.mx","base.state_mx_pue","Hueytamalco"
"res_custom_city_mx_pue_077","base.mx","base.state_mx_pue","Hueytlalpan"
"res_custom_city_mx_pue_078","base.mx","base.state_mx_pue","Huitzilan de Serdán"
"res_custom_city_mx_pue_079","base.mx","base.state_mx_pue","Huitziltepec"
"res_custom_city_mx_pue_080","base.mx","base.state_mx_pue","Atlequizayan"
"res_custom_city_mx_pue_081","base.mx","base.state_mx_pue","Ixcamilpa de Guerrero"
"res_custom_city_mx_pue_082","base.mx","base.state_mx_pue","Ixcaquixtla"
"res_custom_city_mx_pue_083","base.mx","base.state_mx_pue","Ixtacamaxtitlán"
"res_custom_city_mx_pue_084","base.mx","base.state_mx_pue","Ixtepec"
"res_custom_city_mx_pue_085","base.mx","base.state_mx_pue","Izúcar de Matamoros"
"res_custom_city_mx_pue_086","base.mx","base.state_mx_pue","Jalpan"
"res_custom_city_mx_pue_087","base.mx","base.state_mx_pue","Jolalpan"
"res_custom_city_mx_pue_088","base.mx","base.state_mx_pue","Jonotla"
"res_custom_city_mx_pue_089","base.mx","base.state_mx_pue","Jopala"
"res_custom_city_mx_pue_090","base.mx","base.state_mx_pue","Juan C. Bonilla"
"res_custom_city_mx_pue_091","base.mx","base.state_mx_pue","Juan Galindo"
"res_custom_city_mx_pue_092","base.mx","base.state_mx_pue","Juan N. Méndez"
"res_custom_city_mx_pue_093","base.mx","base.state_mx_pue","Lafragua"
"res_custom_city_mx_pue_094","base.mx","base.state_mx_pue","Libres"
"res_custom_city_mx_pue_095","base.mx","base.state_mx_pue","La Magdalena Tlatlauquitepec"
"res_custom_city_mx_pue_096","base.mx","base.state_mx_pue","Mazapiltepec de Juárez"
"res_custom_city_mx_pue_097","base.mx","base.state_mx_pue","Mixtla"
"res_custom_city_mx_pue_098","base.mx","base.state_mx_pue","Molcaxac"
"res_custom_city_mx_pue_099","base.mx","base.state_mx_pue","Cañada Morelos"
"res_custom_city_mx_pue_100","base.mx","base.state_mx_pue","Naupan"
"res_custom_city_mx_pue_101","base.mx","base.state_mx_pue","Nauzontla"
"res_custom_city_mx_pue_102","base.mx","base.state_mx_pue","Nealtican"
"res_custom_city_mx_pue_103","base.mx","base.state_mx_pue","Nicolás Bravo"
"res_custom_city_mx_pue_104","base.mx","base.state_mx_pue","Nopalucan"
"res_custom_city_mx_pue_105","base.mx","base.state_mx_pue","Ocotepec"
"res_custom_city_mx_pue_106","base.mx","base.state_mx_pue","Ocoyucan"
"res_custom_city_mx_pue_107","base.mx","base.state_mx_pue","Olintla"
"res_custom_city_mx_pue_108","base.mx","base.state_mx_pue","Oriental"
"res_custom_city_mx_pue_109","base.mx","base.state_mx_pue","Pahuatlán"
"res_custom_city_mx_pue_110","base.mx","base.state_mx_pue","Palmar de Bravo"
"res_custom_city_mx_pue_111","base.mx","base.state_mx_pue","Pantepec"
"res_custom_city_mx_pue_112","base.mx","base.state_mx_pue","Petlalcingo"
"res_custom_city_mx_pue_113","base.mx","base.state_mx_pue","Piaxtla"
"res_custom_city_mx_pue_114","base.mx","base.state_mx_pue","Puebla"
"res_custom_city_mx_pue_115","base.mx","base.state_mx_pue","Quecholac"
"res_custom_city_mx_pue_116","base.mx","base.state_mx_pue","Quimixtlán"
"res_custom_city_mx_pue_117","base.mx","base.state_mx_pue","Rafael Lara Grajales"
"res_custom_city_mx_pue_118","base.mx","base.state_mx_pue","Los Reyes de Juárez"
"res_custom_city_mx_pue_119","base.mx","base.state_mx_pue","San Andrés Cholula"
"res_custom_city_mx_pue_120","base.mx","base.state_mx_pue","San Antonio Cañada"
"res_custom_city_mx_pue_121","base.mx","base.state_mx_pue","San Diego la Mesa Tochimiltzingo"
"res_custom_city_mx_pue_122","base.mx","base.state_mx_pue","San Felipe Teotlalcingo"
"res_custom_city_mx_pue_123","base.mx","base.state_mx_pue","San Felipe Tepatlán"
"res_custom_city_mx_pue_124","base.mx","base.state_mx_pue","San Gabriel Chilac"
"res_custom_city_mx_pue_125","base.mx","base.state_mx_pue","San Gregorio Atzompa"
"res_custom_city_mx_pue_126","base.mx","base.state_mx_pue","San Jerónimo Tecuanipan"
"res_custom_city_mx_pue_127","base.mx","base.state_mx_pue","San Jerónimo Xayacatlán"
"res_custom_city_mx_pue_128","base.mx","base.state_mx_pue","San José Chiapa"
"res_custom_city_mx_pue_129","base.mx","base.state_mx_pue","San José Miahuatlán"
"res_custom_city_mx_pue_130","base.mx","base.state_mx_pue","San Juan Atenco"
"res_custom_city_mx_pue_131","base.mx","base.state_mx_pue","San Juan Atzompa"
"res_custom_city_mx_pue_132","base.mx","base.state_mx_pue","San Martín Texmelucan"
"res_custom_city_mx_pue_133","base.mx","base.state_mx_pue","San Martín Totoltepec"
"res_custom_city_mx_pue_134","base.mx","base.state_mx_pue","San Matías Tlalancaleca"
"res_custom_city_mx_pue_135","base.mx","base.state_mx_pue","San Miguel Ixitlán"
"res_custom_city_mx_pue_136","base.mx","base.state_mx_pue","San Miguel Xoxtla"
"res_custom_city_mx_pue_137","base.mx","base.state_mx_pue","San Nicolás Buenos Aires"
"res_custom_city_mx_pue_138","base.mx","base.state_mx_pue","San Nicolás de los Ranchos"
"res_custom_city_mx_pue_139","base.mx","base.state_mx_pue","San Pablo Anicano"
"res_custom_city_mx_pue_140","base.mx","base.state_mx_pue","San Pedro Cholula"
"res_custom_city_mx_pue_141","base.mx","base.state_mx_pue","San Pedro Yeloixtlahuaca"
"res_custom_city_mx_pue_142","base.mx","base.state_mx_pue","San Salvador el Seco"
"res_custom_city_mx_pue_143","base.mx","base.state_mx_pue","San Salvador el Verde"
"res_custom_city_mx_pue_144","base.mx","base.state_mx_pue","San Salvador Huixcolotla"
"res_custom_city_mx_pue_145","base.mx","base.state_mx_pue","San Sebastián Tlacotepec"
"res_custom_city_mx_pue_146","base.mx","base.state_mx_pue","Santa Catarina Tlaltempan"
"res_custom_city_mx_pue_147","base.mx","base.state_mx_pue","Santa Inés Ahuatempan"
"res_custom_city_mx_pue_148","base.mx","base.state_mx_pue","Santa Isabel Cholula"
"res_custom_city_mx_pue_149","base.mx","base.state_mx_pue","Santiago Miahuatlán"
"res_custom_city_mx_pue_150","base.mx","base.state_mx_pue","Huehuetlán el Grande"
"res_custom_city_mx_pue_151","base.mx","base.state_mx_pue","Santo Tomás Hueyotlipan"
"res_custom_city_mx_pue_152","base.mx","base.state_mx_pue","Soltepec"
"res_custom_city_mx_pue_153","base.mx","base.state_mx_pue","Tecali de Herrera"
"res_custom_city_mx_pue_154","base.mx","base.state_mx_pue","Tecamachalco"
"res_custom_city_mx_pue_155","base.mx","base.state_mx_pue","Tecomatlán"
"res_custom_city_mx_pue_156","base.mx","base.state_mx_pue","Tehuacán"
"res_custom_city_mx_pue_157","base.mx","base.state_mx_pue","Tehuitzingo"
"res_custom_city_mx_pue_158","base.mx","base.state_mx_pue","Tenampulco"
"res_custom_city_mx_pue_159","base.mx","base.state_mx_pue","Teopantlán"
"res_custom_city_mx_pue_160","base.mx","base.state_mx_pue","Teotlalco"
"res_custom_city_mx_pue_161","base.mx","base.state_mx_pue","Tepanco de López"
"res_custom_city_mx_pue_162","base.mx","base.state_mx_pue","Tepango de Rodríguez"
"res_custom_city_mx_pue_163","base.mx","base.state_mx_pue","Tepatlaxco de Hidalgo"
"res_custom_city_mx_pue_164","base.mx","base.state_mx_pue","Tepeaca"
"res_custom_city_mx_pue_165","base.mx","base.state_mx_pue","Tepemaxalco"
"res_custom_city_mx_pue_166","base.mx","base.state_mx_pue","Tepeojuma"
"res_custom_city_mx_pue_167","base.mx","base.state_mx_pue","Tepetzintla"
"res_custom_city_mx_pue_168","base.mx","base.state_mx_pue","Tepexco"
"res_custom_city_mx_pue_169","base.mx","base.state_mx_pue","Tepexi de Rodríguez"
"res_custom_city_mx_pue_170","base.mx","base.state_mx_pue","Tepeyahualco"
"res_custom_city_mx_pue_171","base.mx","base.state_mx_pue","Tepeyahualco de Cuauhtémoc"
"res_custom_city_mx_pue_172","base.mx","base.state_mx_pue","Tetela de Ocampo"
"res_custom_city_mx_pue_173","base.mx","base.state_mx_pue","Teteles de Avila Castillo"
"res_custom_city_mx_pue_174","base.mx","base.state_mx_pue","Teziutlán"
"res_custom_city_mx_pue_175","base.mx","base.state_mx_pue","Tianguismanalco"
"res_custom_city_mx_pue_176","base.mx","base.state_mx_pue","Tilapa"
"res_custom_city_mx_pue_177","base.mx","base.state_mx_pue","Tlacotepec de Benito Juárez"
"res_custom_city_mx_pue_178","base.mx","base.state_mx_pue","Tlacuilotepec"
"res_custom_city_mx_pue_179","base.mx","base.state_mx_pue","Tlachichuca"
"res_custom_city_mx_pue_180","base.mx","base.state_mx_pue","Tlahuapan"
"res_custom_city_mx_pue_181","base.mx","base.state_mx_pue","Tlaltenango"
"res_custom_city_mx_pue_182","base.mx","base.state_mx_pue","Tlanepantla"
"res_custom_city_mx_pue_183","base.mx","base.state_mx_pue","Tlaola"
"res_custom_city_mx_pue_184","base.mx","base.state_mx_pue","Tlapacoya"
"res_custom_city_mx_pue_185","base.mx","base.state_mx_pue","Tlapanalá"
"res_custom_city_mx_pue_186","base.mx","base.state_mx_pue","Tlatlauquitepec"
"res_custom_city_mx_pue_187","base.mx","base.state_mx_pue","Tlaxco"
"res_custom_city_mx_pue_188","base.mx","base.state_mx_pue","Tochimilco"
"res_custom_city_mx_pue_189","base.mx","base.state_mx_pue","Tochtepec"
"res_custom_city_mx_pue_190","base.mx","base.state_mx_pue","Totoltepec de Guerrero"
"res_custom_city_mx_pue_191","base.mx","base.state_mx_pue","Tulcingo"
"res_custom_city_mx_pue_192","base.mx","base.state_mx_pue","Tuzamapan de Galeana"
"res_custom_city_mx_pue_193","base.mx","base.state_mx_pue","Tzicatlacoyan"
"res_custom_city_mx_pue_194","base.mx","base.state_mx_pue","Venustiano Carranza"
"res_custom_city_mx_pue_195","base.mx","base.state_mx_pue","Vicente Guerrero"
"res_custom_city_mx_pue_196","base.mx","base.state_mx_pue","Xayacatlán de Bravo"
"res_custom_city_mx_pue_197","base.mx","base.state_mx_pue","Xicotepec"
"res_custom_city_mx_pue_198","base.mx","base.state_mx_pue","Xicotlán"
"res_custom_city_mx_pue_199","base.mx","base.state_mx_pue","Xiutetelco"
"res_custom_city_mx_pue_200","base.mx","base.state_mx_pue","Xochiapulco"
"res_custom_city_mx_pue_201","base.mx","base.state_mx_pue","Xochiltepec"
"res_custom_city_mx_pue_202","base.mx","base.state_mx_pue","Xochitlán de Vicente Suárez"
"res_custom_city_mx_pue_203","base.mx","base.state_mx_pue","Xochitlán Todos Santos"
"res_custom_city_mx_pue_204","base.mx","base.state_mx_pue","Yaonáhuac"
"res_custom_city_mx_pue_205","base.mx","base.state_mx_pue","Yehualtepec"
"res_custom_city_mx_pue_206","base.mx","base.state_mx_pue","Zacapala"
"res_custom_city_mx_pue_207","base.mx","base.state_mx_pue","Zacapoaxtla"
"res_custom_city_mx_pue_208","base.mx","base.state_mx_pue","Zacatlán"
"res_custom_city_mx_pue_209","base.mx","base.state_mx_pue","Zapotitlán"
"res_custom_city_mx_pue_210","base.mx","base.state_mx_pue","Zapotitlán de Méndez"
"res_custom_city_mx_pue_211","base.mx","base.state_mx_pue","Zaragoza"
"res_custom_city_mx_pue_212","base.mx","base.state_mx_pue","Zautla"
"res_custom_city_mx_pue_213","base.mx","base.state_mx_pue","Zihuateutla"
"res_custom_city_mx_pue_214","base.mx","base.state_mx_pue","Zinacatepec"
"res_custom_city_mx_pue_215","base.mx","base.state_mx_pue","Zongozotla"
"res_custom_city_mx_pue_216","base.mx","base.state_mx_pue","Zoquiapan"
"res_custom_city_mx_pue_217","base.mx","base.state_mx_pue","Zoquitlán"
"res_custom_city_mx_que_001","base.mx","base.state_mx_qro","Amealco de Bonfil"
"res_custom_city_mx_que_002","base.mx","base.state_mx_qro","Pinal de Amoles"
"res_custom_city_mx_que_003","base.mx","base.state_mx_qro","Arroyo Seco"
"res_custom_city_mx_que_004","base.mx","base.state_mx_qro","Cadereyta de Montes"
"res_custom_city_mx_que_005","base.mx","base.state_mx_qro","Colón"
"res_custom_city_mx_que_006","base.mx","base.state_mx_qro","Corregidora"
"res_custom_city_mx_que_007","base.mx","base.state_mx_qro","Ezequiel Montes"
"res_custom_city_mx_que_008","base.mx","base.state_mx_qro","Huimilpan"
"res_custom_city_mx_que_009","base.mx","base.state_mx_qro","Jalpan de Serra"
"res_custom_city_mx_que_010","base.mx","base.state_mx_qro","Landa de Matamoros"
"res_custom_city_mx_que_011","base.mx","base.state_mx_qro","El Marqués"
"res_custom_city_mx_que_012","base.mx","base.state_mx_qro","Pedro Escobedo"
"res_custom_city_mx_que_013","base.mx","base.state_mx_qro","Peñamiller"
"res_custom_city_mx_que_014","base.mx","base.state_mx_qro","Querétaro"
"res_custom_city_mx_que_015","base.mx","base.state_mx_qro","San Joaquín"
"res_custom_city_mx_que_016","base.mx","base.state_mx_qro","San Juan del Río"
"res_custom_city_mx_que_017","base.mx","base.state_mx_qro","Tequisquiapan"
"res_custom_city_mx_que_018","base.mx","base.state_mx_qro","Tolimán"
"res_custom_city_mx_roo_001","base.mx","base.state_mx_q_roo","Cozumel"
"res_custom_city_mx_roo_002","base.mx","base.state_mx_q_roo","Felipe Carrillo Puerto"
"res_custom_city_mx_roo_003","base.mx","base.state_mx_q_roo","Isla Mujeres"
"res_custom_city_mx_roo_004","base.mx","base.state_mx_q_roo","Othón P. Blanco"
"res_custom_city_mx_roo_005","base.mx","base.state_mx_q_roo","Benito Juárez"
"res_custom_city_mx_roo_006","base.mx","base.state_mx_q_roo","José María Morelos"
"res_custom_city_mx_roo_007","base.mx","base.state_mx_q_roo","Lázaro Cárdenas"
"res_custom_city_mx_roo_008","base.mx","base.state_mx_q_roo","Solidaridad"
"res_custom_city_mx_roo_009","base.mx","base.state_mx_q_roo","Tulum"
"res_custom_city_mx_roo_010","base.mx","base.state_mx_q_roo","Bacalar"
"res_custom_city_mx_roo_011","base.mx","base.state_mx_q_roo","Puerto Morelos"
"res_custom_city_mx_sin_001","base.mx","base.state_mx_sin","Ahome"
"res_custom_city_mx_sin_002","base.mx","base.state_mx_sin","Angostura"
"res_custom_city_mx_sin_003","base.mx","base.state_mx_sin","Badiraguato"
"res_custom_city_mx_sin_004","base.mx","base.state_mx_sin","Concordia"
"res_custom_city_mx_sin_005","base.mx","base.state_mx_sin","Cosalá"
"res_custom_city_mx_sin_006","base.mx","base.state_mx_sin","Culiacán"
"res_custom_city_mx_sin_007","base.mx","base.state_mx_sin","Choix"
"res_custom_city_mx_sin_008","base.mx","base.state_mx_sin","Elota"
"res_custom_city_mx_sin_009","base.mx","base.state_mx_sin","Escuinapa"
"res_custom_city_mx_sin_010","base.mx","base.state_mx_sin","El Fuerte"
"res_custom_city_mx_sin_011","base.mx","base.state_mx_sin","Guasave"
"res_custom_city_mx_sin_012","base.mx","base.state_mx_sin","Mazatlán"
"res_custom_city_mx_sin_013","base.mx","base.state_mx_sin","Mocorito"
"res_custom_city_mx_sin_014","base.mx","base.state_mx_sin","Rosario"
"res_custom_city_mx_sin_015","base.mx","base.state_mx_sin","Salvador Alvarado"
"res_custom_city_mx_sin_016","base.mx","base.state_mx_sin","San Ignacio"
"res_custom_city_mx_sin_017","base.mx","base.state_mx_sin","Sinaloa"
"res_custom_city_mx_sin_018","base.mx","base.state_mx_sin","Navolato"
"res_custom_city_mx_slp_001","base.mx","base.state_mx_slp","Ahualulco"
"res_custom_city_mx_slp_002","base.mx","base.state_mx_slp","Alaquines"
"res_custom_city_mx_slp_003","base.mx","base.state_mx_slp","Aquismón"
"res_custom_city_mx_slp_004","base.mx","base.state_mx_slp","Armadillo de los Infante"
"res_custom_city_mx_slp_005","base.mx","base.state_mx_slp","Cárdenas"
"res_custom_city_mx_slp_006","base.mx","base.state_mx_slp","Catorce"
"res_custom_city_mx_slp_007","base.mx","base.state_mx_slp","Cedral"
"res_custom_city_mx_slp_008","base.mx","base.state_mx_slp","Cerritos"
"res_custom_city_mx_slp_009","base.mx","base.state_mx_slp","Cerro de San Pedro"
"res_custom_city_mx_slp_010","base.mx","base.state_mx_slp","Ciudad del Maíz"
"res_custom_city_mx_slp_011","base.mx","base.state_mx_slp","Ciudad Fernández"
"res_custom_city_mx_slp_012","base.mx","base.state_mx_slp","Tancanhuitz"
"res_custom_city_mx_slp_013","base.mx","base.state_mx_slp","Ciudad Valles"
"res_custom_city_mx_slp_014","base.mx","base.state_mx_slp","Coxcatlán"
"res_custom_city_mx_slp_015","base.mx","base.state_mx_slp","Charcas"
"res_custom_city_mx_slp_016","base.mx","base.state_mx_slp","Ebano"
"res_custom_city_mx_slp_017","base.mx","base.state_mx_slp","Guadalcázar"
"res_custom_city_mx_slp_018","base.mx","base.state_mx_slp","Huehuetlán"
"res_custom_city_mx_slp_019","base.mx","base.state_mx_slp","Lagunillas"
"res_custom_city_mx_slp_020","base.mx","base.state_mx_slp","Matehuala"
"res_custom_city_mx_slp_021","base.mx","base.state_mx_slp","Mexquitic de Carmona"
"res_custom_city_mx_slp_022","base.mx","base.state_mx_slp","Moctezuma"
"res_custom_city_mx_slp_023","base.mx","base.state_mx_slp","Rayón"
"res_custom_city_mx_slp_024","base.mx","base.state_mx_slp","Rioverde"
"res_custom_city_mx_slp_025","base.mx","base.state_mx_slp","Salinas"
"res_custom_city_mx_slp_026","base.mx","base.state_mx_slp","San Antonio"
"res_custom_city_mx_slp_027","base.mx","base.state_mx_slp","San Ciro de Acosta"
"res_custom_city_mx_slp_028","base.mx","base.state_mx_slp","San Luis Potosí"
"res_custom_city_mx_slp_029","base.mx","base.state_mx_slp","San Martín Chalchicuautla"
"res_custom_city_mx_slp_030","base.mx","base.state_mx_slp","San Nicolás Tolentino"
"res_custom_city_mx_slp_031","base.mx","base.state_mx_slp","Santa Catarina"
"res_custom_city_mx_slp_032","base.mx","base.state_mx_slp","Santa María del Río"
"res_custom_city_mx_slp_033","base.mx","base.state_mx_slp","Santo Domingo"
"res_custom_city_mx_slp_034","base.mx","base.state_mx_slp","San Vicente Tancuayalab"
"res_custom_city_mx_slp_035","base.mx","base.state_mx_slp","Soledad de Graciano Sánchez"
"res_custom_city_mx_slp_036","base.mx","base.state_mx_slp","Tamasopo"
"res_custom_city_mx_slp_037","base.mx","base.state_mx_slp","Tamazunchale"
"res_custom_city_mx_slp_038","base.mx","base.state_mx_slp","Tampacán"
"res_custom_city_mx_slp_039","base.mx","base.state_mx_slp","Tampamolón Corona"
"res_custom_city_mx_slp_040","base.mx","base.state_mx_slp","Tamuín"
"res_custom_city_mx_slp_041","base.mx","base.state_mx_slp","Tanlajás"
"res_custom_city_mx_slp_042","base.mx","base.state_mx_slp","Tanquián de Escobedo"
"res_custom_city_mx_slp_043","base.mx","base.state_mx_slp","Tierra Nueva"
"res_custom_city_mx_slp_044","base.mx","base.state_mx_slp","Vanegas"
"res_custom_city_mx_slp_045","base.mx","base.state_mx_slp","Venado"
"res_custom_city_mx_slp_046","base.mx","base.state_mx_slp","Villa de Arriaga"
"res_custom_city_mx_slp_047","base.mx","base.state_mx_slp","Villa de Guadalupe"
"res_custom_city_mx_slp_048","base.mx","base.state_mx_slp","Villa de la Paz"
"res_custom_city_mx_slp_049","base.mx","base.state_mx_slp","Villa de Ramos"
"res_custom_city_mx_slp_050","base.mx","base.state_mx_slp","Villa de Reyes"
"res_custom_city_mx_slp_051","base.mx","base.state_mx_slp","Villa Hidalgo"
"res_custom_city_mx_slp_052","base.mx","base.state_mx_slp","Villa Juárez"
"res_custom_city_mx_slp_053","base.mx","base.state_mx_slp","Axtla de Terrazas"
"res_custom_city_mx_slp_054","base.mx","base.state_mx_slp","Xilitla"
"res_custom_city_mx_slp_055","base.mx","base.state_mx_slp","Zaragoza"
"res_custom_city_mx_slp_056","base.mx","base.state_mx_slp","Villa de Arista"
"res_custom_city_mx_slp_057","base.mx","base.state_mx_slp","Matlapa"
"res_custom_city_mx_slp_058","base.mx","base.state_mx_slp","El Naranjo"
"res_custom_city_mx_son_001","base.mx","base.state_mx_son","Aconchi"
"res_custom_city_mx_son_002","base.mx","base.state_mx_son","Agua Prieta"
"res_custom_city_mx_son_003","base.mx","base.state_mx_son","Alamos"
"res_custom_city_mx_son_004","base.mx","base.state_mx_son","Altar"
"res_custom_city_mx_son_005","base.mx","base.state_mx_son","Arivechi"
"res_custom_city_mx_son_006","base.mx","base.state_mx_son","Arizpe"
"res_custom_city_mx_son_007","base.mx","base.state_mx_son","Atil"
"res_custom_city_mx_son_008","base.mx","base.state_mx_son","Bacadéhuachi"
"res_custom_city_mx_son_009","base.mx","base.state_mx_son","Bacanora"
"res_custom_city_mx_son_010","base.mx","base.state_mx_son","Bacerac"
"res_custom_city_mx_son_011","base.mx","base.state_mx_son","Bacoachi"
"res_custom_city_mx_son_012","base.mx","base.state_mx_son","Bácum"
"res_custom_city_mx_son_013","base.mx","base.state_mx_son","Banámichi"
"res_custom_city_mx_son_014","base.mx","base.state_mx_son","Baviácora"
"res_custom_city_mx_son_015","base.mx","base.state_mx_son","Bavispe"
"res_custom_city_mx_son_016","base.mx","base.state_mx_son","Benjamín Hill"
"res_custom_city_mx_son_017","base.mx","base.state_mx_son","Caborca"
"res_custom_city_mx_son_018","base.mx","base.state_mx_son","Cajeme"
"res_custom_city_mx_son_019","base.mx","base.state_mx_son","Cananea"
"res_custom_city_mx_son_020","base.mx","base.state_mx_son","Carbó"
"res_custom_city_mx_son_021","base.mx","base.state_mx_son","La Colorada"
"res_custom_city_mx_son_022","base.mx","base.state_mx_son","Cucurpe"
"res_custom_city_mx_son_023","base.mx","base.state_mx_son","Cumpas"
"res_custom_city_mx_son_024","base.mx","base.state_mx_son","Divisaderos"
"res_custom_city_mx_son_025","base.mx","base.state_mx_son","Empalme"
"res_custom_city_mx_son_026","base.mx","base.state_mx_son","Etchojoa"
"res_custom_city_mx_son_027","base.mx","base.state_mx_son","Fronteras"
"res_custom_city_mx_son_028","base.mx","base.state_mx_son","Granados"
"res_custom_city_mx_son_029","base.mx","base.state_mx_son","Guaymas"
"res_custom_city_mx_son_030","base.mx","base.state_mx_son","Hermosillo"
"res_custom_city_mx_son_031","base.mx","base.state_mx_son","Huachinera"
"res_custom_city_mx_son_032","base.mx","base.state_mx_son","Huásabas"
"res_custom_city_mx_son_033","base.mx","base.state_mx_son","Huatabampo"
"res_custom_city_mx_son_034","base.mx","base.state_mx_son","Huépac"
"res_custom_city_mx_son_035","base.mx","base.state_mx_son","Imuris"
"res_custom_city_mx_son_036","base.mx","base.state_mx_son","Magdalena"
"res_custom_city_mx_son_037","base.mx","base.state_mx_son","Mazatán"
"res_custom_city_mx_son_038","base.mx","base.state_mx_son","Moctezuma"
"res_custom_city_mx_son_039","base.mx","base.state_mx_son","Naco"
"res_custom_city_mx_son_040","base.mx","base.state_mx_son","Nácori Chico"
"res_custom_city_mx_son_041","base.mx","base.state_mx_son","Nacozari de García"
"res_custom_city_mx_son_042","base.mx","base.state_mx_son","Navojoa"
"res_custom_city_mx_son_043","base.mx","base.state_mx_son","Nogales"
"res_custom_city_mx_son_044","base.mx","base.state_mx_son","Onavas"
"res_custom_city_mx_son_045","base.mx","base.state_mx_son","Opodepe"
"res_custom_city_mx_son_046","base.mx","base.state_mx_son","Oquitoa"
"res_custom_city_mx_son_047","base.mx","base.state_mx_son","Pitiquito"
"res_custom_city_mx_son_048","base.mx","base.state_mx_son","Puerto Peñasco"
"res_custom_city_mx_son_049","base.mx","base.state_mx_son","Quiriego"
"res_custom_city_mx_son_050","base.mx","base.state_mx_son","Rayón"
"res_custom_city_mx_son_051","base.mx","base.state_mx_son","Rosario"
"res_custom_city_mx_son_052","base.mx","base.state_mx_son","Sahuaripa"
"res_custom_city_mx_son_053","base.mx","base.state_mx_son","San Felipe de Jesús"
"res_custom_city_mx_son_054","base.mx","base.state_mx_son","San Javier"
"res_custom_city_mx_son_055","base.mx","base.state_mx_son","San Luis Río Colorado"
"res_custom_city_mx_son_056","base.mx","base.state_mx_son","San Miguel de Horcasitas"
"res_custom_city_mx_son_057","base.mx","base.state_mx_son","San Pedro de la Cueva"
"res_custom_city_mx_son_058","base.mx","base.state_mx_son","Santa Ana"
"res_custom_city_mx_son_059","base.mx","base.state_mx_son","Santa Cruz"
"res_custom_city_mx_son_060","base.mx","base.state_mx_son","Sáric"
"res_custom_city_mx_son_061","base.mx","base.state_mx_son","Soyopa"
"res_custom_city_mx_son_062","base.mx","base.state_mx_son","Suaqui Grande"
"res_custom_city_mx_son_063","base.mx","base.state_mx_son","Tepache"
"res_custom_city_mx_son_064","base.mx","base.state_mx_son","Trincheras"
"res_custom_city_mx_son_065","base.mx","base.state_mx_son","Tubutama"
"res_custom_city_mx_son_066","base.mx","base.state_mx_son","Ures"
"res_custom_city_mx_son_067","base.mx","base.state_mx_son","Villa Hidalgo"
"res_custom_city_mx_son_068","base.mx","base.state_mx_son","Villa Pesqueira"
"res_custom_city_mx_son_069","base.mx","base.state_mx_son","Yécora"
"res_custom_city_mx_son_070","base.mx","base.state_mx_son","General Plutarco Elías Calles"
"res_custom_city_mx_son_071","base.mx","base.state_mx_son","Benito Juárez"
"res_custom_city_mx_son_072","base.mx","base.state_mx_son","San Ignacio Río Muerto"
"res_custom_city_mx_tab_001","base.mx","base.state_mx_tab","Balancán"
"res_custom_city_mx_tab_002","base.mx","base.state_mx_tab","Cárdenas"
"res_custom_city_mx_tab_003","base.mx","base.state_mx_tab","Centla"
"res_custom_city_mx_tab_004","base.mx","base.state_mx_tab","Centro"
"res_custom_city_mx_tab_005","base.mx","base.state_mx_tab","Comalcalco"
"res_custom_city_mx_tab_006","base.mx","base.state_mx_tab","Cunduacán"
"res_custom_city_mx_tab_007","base.mx","base.state_mx_tab","Emiliano Zapata"
"res_custom_city_mx_tab_008","base.mx","base.state_mx_tab","Huimanguillo"
"res_custom_city_mx_tab_009","base.mx","base.state_mx_tab","Jalapa"
"res_custom_city_mx_tab_010","base.mx","base.state_mx_tab","Jalpa de Méndez"
"res_custom_city_mx_tab_011","base.mx","base.state_mx_tab","Jonuta"
"res_custom_city_mx_tab_012","base.mx","base.state_mx_tab","Macuspana"
"res_custom_city_mx_tab_013","base.mx","base.state_mx_tab","Nacajuca"
"res_custom_city_mx_tab_014","base.mx","base.state_mx_tab","Paraíso"
"res_custom_city_mx_tab_015","base.mx","base.state_mx_tab","Tacotalpa"
"res_custom_city_mx_tab_016","base.mx","base.state_mx_tab","Teapa"
"res_custom_city_mx_tab_017","base.mx","base.state_mx_tab","Tenosique"
"res_custom_city_mx_tam_001","base.mx","base.state_mx_tamps","Abasolo"
"res_custom_city_mx_tam_002","base.mx","base.state_mx_tamps","Aldama"
"res_custom_city_mx_tam_003","base.mx","base.state_mx_tamps","Altamira"
"res_custom_city_mx_tam_004","base.mx","base.state_mx_tamps","Antiguo Morelos"
"res_custom_city_mx_tam_005","base.mx","base.state_mx_tamps","Burgos"
"res_custom_city_mx_tam_006","base.mx","base.state_mx_tamps","Bustamante"
"res_custom_city_mx_tam_007","base.mx","base.state_mx_tamps","Camargo"
"res_custom_city_mx_tam_008","base.mx","base.state_mx_tamps","Casas"
"res_custom_city_mx_tam_009","base.mx","base.state_mx_tamps","Ciudad Madero"
"res_custom_city_mx_tam_010","base.mx","base.state_mx_tamps","Cruillas"
"res_custom_city_mx_tam_011","base.mx","base.state_mx_tamps","Gómez Farías"
"res_custom_city_mx_tam_012","base.mx","base.state_mx_tamps","González"
"res_custom_city_mx_tam_013","base.mx","base.state_mx_tamps","Güémez"
"res_custom_city_mx_tam_014","base.mx","base.state_mx_tamps","Guerrero"
"res_custom_city_mx_tam_015","base.mx","base.state_mx_tamps","Gustavo Díaz Ordaz"
"res_custom_city_mx_tam_016","base.mx","base.state_mx_tamps","Hidalgo"
"res_custom_city_mx_tam_017","base.mx","base.state_mx_tamps","Jaumave"
"res_custom_city_mx_tam_018","base.mx","base.state_mx_tamps","Jiménez"
"res_custom_city_mx_tam_019","base.mx","base.state_mx_tamps","Llera"
"res_custom_city_mx_tam_020","base.mx","base.state_mx_tamps","Mainero"
"res_custom_city_mx_tam_021","base.mx","base.state_mx_tamps","El Mante"
"res_custom_city_mx_tam_022","base.mx","base.state_mx_tamps","Matamoros"
"res_custom_city_mx_tam_023","base.mx","base.state_mx_tamps","Méndez"
"res_custom_city_mx_tam_024","base.mx","base.state_mx_tamps","Mier"
"res_custom_city_mx_tam_025","base.mx","base.state_mx_tamps","Miguel Alemán"
"res_custom_city_mx_tam_026","base.mx","base.state_mx_tamps","Miquihuana"
"res_custom_city_mx_tam_027","base.mx","base.state_mx_tamps","Nuevo Laredo"
"res_custom_city_mx_tam_028","base.mx","base.state_mx_tamps","Nuevo Morelos"
"res_custom_city_mx_tam_029","base.mx","base.state_mx_tamps","Ocampo"
"res_custom_city_mx_tam_030","base.mx","base.state_mx_tamps","Padilla"
"res_custom_city_mx_tam_031","base.mx","base.state_mx_tamps","Palmillas"
"res_custom_city_mx_tam_032","base.mx","base.state_mx_tamps","Reynosa"
"res_custom_city_mx_tam_033","base.mx","base.state_mx_tamps","Río Bravo"
"res_custom_city_mx_tam_034","base.mx","base.state_mx_tamps","San Carlos"
"res_custom_city_mx_tam_035","base.mx","base.state_mx_tamps","San Fernando"
"res_custom_city_mx_tam_036","base.mx","base.state_mx_tamps","San Nicolás"
"res_custom_city_mx_tam_037","base.mx","base.state_mx_tamps","Soto la Marina"
"res_custom_city_mx_tam_038","base.mx","base.state_mx_tamps","Tampico"
"res_custom_city_mx_tam_039","base.mx","base.state_mx_tamps","Tula"
"res_custom_city_mx_tam_040","base.mx","base.state_mx_tamps","Valle Hermoso"
"res_custom_city_mx_tam_041","base.mx","base.state_mx_tamps","Victoria"
"res_custom_city_mx_tam_042","base.mx","base.state_mx_tamps","Villagrán"
"res_custom_city_mx_tam_043","base.mx","base.state_mx_tamps","Xicoténcatl"
"res_custom_city_mx_tla_001","base.mx","base.state_mx_tlax","Amaxac de Guerrero"
"res_custom_city_mx_tla_002","base.mx","base.state_mx_tlax","Apetatitlán de Antonio Carvajal"
"res_custom_city_mx_tla_003","base.mx","base.state_mx_tlax","Atlangatepec"
"res_custom_city_mx_tla_004","base.mx","base.state_mx_tlax","Atltzayanca"
"res_custom_city_mx_tla_005","base.mx","base.state_mx_tlax","Apizaco"
"res_custom_city_mx_tla_006","base.mx","base.state_mx_tlax","Calpulalpan"
"res_custom_city_mx_tla_007","base.mx","base.state_mx_tlax","El Carmen Tequexquitla"
"res_custom_city_mx_tla_008","base.mx","base.state_mx_tlax","Cuapiaxtla"
"res_custom_city_mx_tla_009","base.mx","base.state_mx_tlax","Cuaxomulco"
"res_custom_city_mx_tla_010","base.mx","base.state_mx_tlax","Chiautempan"
"res_custom_city_mx_tla_011","base.mx","base.state_mx_tlax","Muñoz de Domingo Arenas"
"res_custom_city_mx_tla_012","base.mx","base.state_mx_tlax","Españita"
"res_custom_city_mx_tla_013","base.mx","base.state_mx_tlax","Huamantla"
"res_custom_city_mx_tla_014","base.mx","base.state_mx_tlax","Hueyotlipan"
"res_custom_city_mx_tla_015","base.mx","base.state_mx_tlax","Ixtacuixtla de Mariano Matamoros"
"res_custom_city_mx_tla_016","base.mx","base.state_mx_tlax","Ixtenco"
"res_custom_city_mx_tla_017","base.mx","base.state_mx_tlax","Mazatecochco de José María Morelos"
"res_custom_city_mx_tla_018","base.mx","base.state_mx_tlax","Contla de Juan Cuamatzi"
"res_custom_city_mx_tla_019","base.mx","base.state_mx_tlax","Tepetitla de Lardizábal"
"res_custom_city_mx_tla_020","base.mx","base.state_mx_tlax","Sanctórum de Lázaro Cárdenas"
"res_custom_city_mx_tla_021","base.mx","base.state_mx_tlax","Nanacamilpa de Mariano Arista"
"res_custom_city_mx_tla_022","base.mx","base.state_mx_tlax","Acuamanala de Miguel Hidalgo"
"res_custom_city_mx_tla_023","base.mx","base.state_mx_tlax","Natívitas"
"res_custom_city_mx_tla_024","base.mx","base.state_mx_tlax","Panotla"
"res_custom_city_mx_tla_025","base.mx","base.state_mx_tlax","San Pablo del Monte"
"res_custom_city_mx_tla_026","base.mx","base.state_mx_tlax","Santa Cruz Tlaxcala"
"res_custom_city_mx_tla_027","base.mx","base.state_mx_tlax","Tenancingo"
"res_custom_city_mx_tla_028","base.mx","base.state_mx_tlax","Teolocholco"
"res_custom_city_mx_tla_029","base.mx","base.state_mx_tlax","Tepeyanco"
"res_custom_city_mx_tla_030","base.mx","base.state_mx_tlax","Terrenate"
"res_custom_city_mx_tla_031","base.mx","base.state_mx_tlax","Tetla de la Solidaridad"
"res_custom_city_mx_tla_032","base.mx","base.state_mx_tlax","Tetlatlahuca"
"res_custom_city_mx_tla_033","base.mx","base.state_mx_tlax","Tlaxcala"
"res_custom_city_mx_tla_034","base.mx","base.state_mx_tlax","Tlaxco"
"res_custom_city_mx_tla_035","base.mx","base.state_mx_tlax","Tocatlán"
"res_custom_city_mx_tla_036","base.mx","base.state_mx_tlax","Totolac"
"res_custom_city_mx_tla_037","base.mx","base.state_mx_tlax","Ziltlaltépec de Trinidad Sánchez Santos"
"res_custom_city_mx_tla_038","base.mx","base.state_mx_tlax","Tzompantepec"
"res_custom_city_mx_tla_039","base.mx","base.state_mx_tlax","Xaloztoc"
"res_custom_city_mx_tla_040","base.mx","base.state_mx_tlax","Xaltocan"
"res_custom_city_mx_tla_041","base.mx","base.state_mx_tlax","Papalotla de Xicohténcatl"
"res_custom_city_mx_tla_042","base.mx","base.state_mx_tlax","Xicohtzinco"
"res_custom_city_mx_tla_043","base.mx","base.state_mx_tlax","Yauhquemehcan"
"res_custom_city_mx_tla_044","base.mx","base.state_mx_tlax","Zacatelco"
"res_custom_city_mx_tla_045","base.mx","base.state_mx_tlax","Benito Juárez"
"res_custom_city_mx_tla_046","base.mx","base.state_mx_tlax","Emiliano Zapata"
"res_custom_city_mx_tla_047","base.mx","base.state_mx_tlax","Lázaro Cárdenas"
"res_custom_city_mx_tla_048","base.mx","base.state_mx_tlax","La Magdalena Tlaltelulco"
"res_custom_city_mx_tla_049","base.mx","base.state_mx_tlax","San Damián Texóloc"
"res_custom_city_mx_tla_050","base.mx","base.state_mx_tlax","San Francisco Tetlanohcan"
"res_custom_city_mx_tla_051","base.mx","base.state_mx_tlax","San Jerónimo Zacualpan"
"res_custom_city_mx_tla_052","base.mx","base.state_mx_tlax","San José Teacalco"
"res_custom_city_mx_tla_053","base.mx","base.state_mx_tlax","San Juan Huactzinco"
"res_custom_city_mx_tla_054","base.mx","base.state_mx_tlax","San Lorenzo Axocomanitla"
"res_custom_city_mx_tla_055","base.mx","base.state_mx_tlax","San Lucas Tecopilco"
"res_custom_city_mx_tla_056","base.mx","base.state_mx_tlax","Santa Ana Nopalucan"
"res_custom_city_mx_tla_057","base.mx","base.state_mx_tlax","Santa Apolonia Teacalco"
"res_custom_city_mx_tla_058","base.mx","base.state_mx_tlax","Santa Catarina Ayometla"
"res_custom_city_mx_tla_059","base.mx","base.state_mx_tlax","Santa Cruz Quilehtla"
"res_custom_city_mx_tla_060","base.mx","base.state_mx_tlax","Santa Isabel Xiloxoxtla"
"res_custom_city_mx_ver_001","base.mx","base.state_mx_ver","Acajete"
"res_custom_city_mx_ver_002","base.mx","base.state_mx_ver","Acatlán"
"res_custom_city_mx_ver_003","base.mx","base.state_mx_ver","Acayucan"
"res_custom_city_mx_ver_004","base.mx","base.state_mx_ver","Actopan"
"res_custom_city_mx_ver_005","base.mx","base.state_mx_ver","Acula"
"res_custom_city_mx_ver_006","base.mx","base.state_mx_ver","Acultzingo"
"res_custom_city_mx_ver_007","base.mx","base.state_mx_ver","Camarón de Tejeda"
"res_custom_city_mx_ver_008","base.mx","base.state_mx_ver","Alpatláhuac"
"res_custom_city_mx_ver_009","base.mx","base.state_mx_ver","Alto Lucero de Gutiérrez Barrios"
"res_custom_city_mx_ver_010","base.mx","base.state_mx_ver","Altotonga"
"res_custom_city_mx_ver_011","base.mx","base.state_mx_ver","Alvarado"
"res_custom_city_mx_ver_012","base.mx","base.state_mx_ver","Amatitlán"
"res_custom_city_mx_ver_013","base.mx","base.state_mx_ver","Naranjos Amatlán"
"res_custom_city_mx_ver_014","base.mx","base.state_mx_ver","Amatlán de los Reyes"
"res_custom_city_mx_ver_015","base.mx","base.state_mx_ver","Angel R. Cabada"
"res_custom_city_mx_ver_016","base.mx","base.state_mx_ver","La Antigua"
"res_custom_city_mx_ver_017","base.mx","base.state_mx_ver","Apazapan"
"res_custom_city_mx_ver_018","base.mx","base.state_mx_ver","Aquila"
"res_custom_city_mx_ver_019","base.mx","base.state_mx_ver","Astacinga"
"res_custom_city_mx_ver_020","base.mx","base.state_mx_ver","Atlahuilco"
"res_custom_city_mx_ver_021","base.mx","base.state_mx_ver","Atoyac"
"res_custom_city_mx_ver_022","base.mx","base.state_mx_ver","Atzacan"
"res_custom_city_mx_ver_023","base.mx","base.state_mx_ver","Atzalan"
"res_custom_city_mx_ver_024","base.mx","base.state_mx_ver","Tlaltetela"
"res_custom_city_mx_ver_025","base.mx","base.state_mx_ver","Ayahualulco"
"res_custom_city_mx_ver_026","base.mx","base.state_mx_ver","Banderilla"
"res_custom_city_mx_ver_027","base.mx","base.state_mx_ver","Benito Juárez"
"res_custom_city_mx_ver_028","base.mx","base.state_mx_ver","Boca del Río"
"res_custom_city_mx_ver_029","base.mx","base.state_mx_ver","Calcahualco"
"res_custom_city_mx_ver_030","base.mx","base.state_mx_ver","Camerino Z. Mendoza"
"res_custom_city_mx_ver_031","base.mx","base.state_mx_ver","Carrillo Puerto"
"res_custom_city_mx_ver_032","base.mx","base.state_mx_ver","Catemaco"
"res_custom_city_mx_ver_033","base.mx","base.state_mx_ver","Cazones de Herrera"
"res_custom_city_mx_ver_034","base.mx","base.state_mx_ver","Cerro Azul"
"res_custom_city_mx_ver_035","base.mx","base.state_mx_ver","Citlaltépetl"
"res_custom_city_mx_ver_036","base.mx","base.state_mx_ver","Coacoatzintla"
"res_custom_city_mx_ver_037","base.mx","base.state_mx_ver","Coahuitlán"
"res_custom_city_mx_ver_038","base.mx","base.state_mx_ver","Coatepec"
"res_custom_city_mx_ver_039","base.mx","base.state_mx_ver","Coatzacoalcos"
"res_custom_city_mx_ver_040","base.mx","base.state_mx_ver","Coatzintla"
"res_custom_city_mx_ver_041","base.mx","base.state_mx_ver","Coetzala"
"res_custom_city_mx_ver_042","base.mx","base.state_mx_ver","Colipa"
"res_custom_city_mx_ver_043","base.mx","base.state_mx_ver","Comapa"
"res_custom_city_mx_ver_044","base.mx","base.state_mx_ver","Córdoba"
"res_custom_city_mx_ver_045","base.mx","base.state_mx_ver","Cosamaloapan de Carpio"
"res_custom_city_mx_ver_046","base.mx","base.state_mx_ver","Cosautlán de Carvajal"
"res_custom_city_mx_ver_047","base.mx","base.state_mx_ver","Coscomatepec"
"res_custom_city_mx_ver_048","base.mx","base.state_mx_ver","Cosoleacaque"
"res_custom_city_mx_ver_049","base.mx","base.state_mx_ver","Cotaxtla"
"res_custom_city_mx_ver_050","base.mx","base.state_mx_ver","Coxquihui"
"res_custom_city_mx_ver_051","base.mx","base.state_mx_ver","Coyutla"
"res_custom_city_mx_ver_052","base.mx","base.state_mx_ver","Cuichapa"
"res_custom_city_mx_ver_053","base.mx","base.state_mx_ver","Cuitláhuac"
"res_custom_city_mx_ver_054","base.mx","base.state_mx_ver","Chacaltianguis"
"res_custom_city_mx_ver_055","base.mx","base.state_mx_ver","Chalma"
"res_custom_city_mx_ver_056","base.mx","base.state_mx_ver","Chiconamel"
"res_custom_city_mx_ver_057","base.mx","base.state_mx_ver","Chiconquiaco"
"res_custom_city_mx_ver_058","base.mx","base.state_mx_ver","Chicontepec"
"res_custom_city_mx_ver_059","base.mx","base.state_mx_ver","Chinameca"
"res_custom_city_mx_ver_060","base.mx","base.state_mx_ver","Chinampa de Gorostiza"
"res_custom_city_mx_ver_061","base.mx","base.state_mx_ver","Las Choapas"
"res_custom_city_mx_ver_062","base.mx","base.state_mx_ver","Chocamán"
"res_custom_city_mx_ver_063","base.mx","base.state_mx_ver","Chontla"
"res_custom_city_mx_ver_064","base.mx","base.state_mx_ver","Chumatlán"
"res_custom_city_mx_ver_065","base.mx","base.state_mx_ver","Emiliano Zapata"
"res_custom_city_mx_ver_066","base.mx","base.state_mx_ver","Espinal"
"res_custom_city_mx_ver_067","base.mx","base.state_mx_ver","Filomeno Mata"
"res_custom_city_mx_ver_068","base.mx","base.state_mx_ver","Fortín"
"res_custom_city_mx_ver_069","base.mx","base.state_mx_ver","Gutiérrez Zamora"
"res_custom_city_mx_ver_070","base.mx","base.state_mx_ver","Hidalgotitlán"
"res_custom_city_mx_ver_071","base.mx","base.state_mx_ver","Huatusco"
"res_custom_city_mx_ver_072","base.mx","base.state_mx_ver","Huayacocotla"
"res_custom_city_mx_ver_073","base.mx","base.state_mx_ver","Hueyapan de Ocampo"
"res_custom_city_mx_ver_074","base.mx","base.state_mx_ver","Huiloapan de Cuauhtémoc"
"res_custom_city_mx_ver_075","base.mx","base.state_mx_ver","Ignacio de la Llave"
"res_custom_city_mx_ver_076","base.mx","base.state_mx_ver","Ilamatlán"
"res_custom_city_mx_ver_077","base.mx","base.state_mx_ver","Isla"
"res_custom_city_mx_ver_078","base.mx","base.state_mx_ver","Ixcatepec"
"res_custom_city_mx_ver_079","base.mx","base.state_mx_ver","Ixhuacán de los Reyes"
"res_custom_city_mx_ver_080","base.mx","base.state_mx_ver","Ixhuatlán del Café"
"res_custom_city_mx_ver_081","base.mx","base.state_mx_ver","Ixhuatlancillo"
"res_custom_city_mx_ver_082","base.mx","base.state_mx_ver","Ixhuatlán del Sureste"
"res_custom_city_mx_ver_083","base.mx","base.state_mx_ver","Ixhuatlán de Madero"
"res_custom_city_mx_ver_084","base.mx","base.state_mx_ver","Ixmatlahuacan"
"res_custom_city_mx_ver_085","base.mx","base.state_mx_ver","Ixtaczoquitlán"
"res_custom_city_mx_ver_086","base.mx","base.state_mx_ver","Jalacingo"
"res_custom_city_mx_ver_087","base.mx","base.state_mx_ver","Xalapa"
"res_custom_city_mx_ver_088","base.mx","base.state_mx_ver","Jalcomulco"
"res_custom_city_mx_ver_089","base.mx","base.state_mx_ver","Jáltipan"
"res_custom_city_mx_ver_090","base.mx","base.state_mx_ver","Jamapa"
"res_custom_city_mx_ver_091","base.mx","base.state_mx_ver","Jesús Carranza"
"res_custom_city_mx_ver_092","base.mx","base.state_mx_ver","Xico"
"res_custom_city_mx_ver_093","base.mx","base.state_mx_ver","Jilotepec"
"res_custom_city_mx_ver_094","base.mx","base.state_mx_ver","Juan Rodríguez Clara"
"res_custom_city_mx_ver_095","base.mx","base.state_mx_ver","Juchique de Ferrer"
"res_custom_city_mx_ver_096","base.mx","base.state_mx_ver","Landero y Coss"
"res_custom_city_mx_ver_097","base.mx","base.state_mx_ver","Lerdo de Tejada"
"res_custom_city_mx_ver_098","base.mx","base.state_mx_ver","Magdalena"
"res_custom_city_mx_ver_099","base.mx","base.state_mx_ver","Maltrata"
"res_custom_city_mx_ver_100","base.mx","base.state_mx_ver","Manlio Fabio Altamirano"
"res_custom_city_mx_ver_101","base.mx","base.state_mx_ver","Mariano Escobedo"
"res_custom_city_mx_ver_102","base.mx","base.state_mx_ver","Martínez de la Torre"
"res_custom_city_mx_ver_103","base.mx","base.state_mx_ver","Mecatlán"
"res_custom_city_mx_ver_104","base.mx","base.state_mx_ver","Mecayapan"
"res_custom_city_mx_ver_105","base.mx","base.state_mx_ver","Medellín"
"res_custom_city_mx_ver_106","base.mx","base.state_mx_ver","Miahuatlán"
"res_custom_city_mx_ver_107","base.mx","base.state_mx_ver","Las Minas"
"res_custom_city_mx_ver_108","base.mx","base.state_mx_ver","Minatitlán"
"res_custom_city_mx_ver_109","base.mx","base.state_mx_ver","Misantla"
"res_custom_city_mx_ver_110","base.mx","base.state_mx_ver","Mixtla de Altamirano"
"res_custom_city_mx_ver_111","base.mx","base.state_mx_ver","Moloacán"
"res_custom_city_mx_ver_112","base.mx","base.state_mx_ver","Naolinco"
"res_custom_city_mx_ver_113","base.mx","base.state_mx_ver","Naranjal"
"res_custom_city_mx_ver_114","base.mx","base.state_mx_ver","Nautla"
"res_custom_city_mx_ver_115","base.mx","base.state_mx_ver","Nogales"
"res_custom_city_mx_ver_116","base.mx","base.state_mx_ver","Oluta"
"res_custom_city_mx_ver_117","base.mx","base.state_mx_ver","Omealca"
"res_custom_city_mx_ver_118","base.mx","base.state_mx_ver","Orizaba"
"res_custom_city_mx_ver_119","base.mx","base.state_mx_ver","Otatitlán"
"res_custom_city_mx_ver_120","base.mx","base.state_mx_ver","Oteapan"
"res_custom_city_mx_ver_121","base.mx","base.state_mx_ver","Ozuluama de Mascareñas"
"res_custom_city_mx_ver_122","base.mx","base.state_mx_ver","Pajapan"
"res_custom_city_mx_ver_123","base.mx","base.state_mx_ver","Pánuco"
"res_custom_city_mx_ver_124","base.mx","base.state_mx_ver","Papantla"
"res_custom_city_mx_ver_125","base.mx","base.state_mx_ver","Paso del Macho"
"res_custom_city_mx_ver_126","base.mx","base.state_mx_ver","Paso de Ovejas"
"res_custom_city_mx_ver_127","base.mx","base.state_mx_ver","La Perla"
"res_custom_city_mx_ver_128","base.mx","base.state_mx_ver","Perote"
"res_custom_city_mx_ver_129","base.mx","base.state_mx_ver","Platón Sánchez"
"res_custom_city_mx_ver_130","base.mx","base.state_mx_ver","Playa Vicente"
"res_custom_city_mx_ver_131","base.mx","base.state_mx_ver","Poza Rica de Hidalgo"
"res_custom_city_mx_ver_132","base.mx","base.state_mx_ver","Las Vigas de Ramírez"
"res_custom_city_mx_ver_133","base.mx","base.state_mx_ver","Pueblo Viejo"
"res_custom_city_mx_ver_134","base.mx","base.state_mx_ver","Puente Nacional"
"res_custom_city_mx_ver_135","base.mx","base.state_mx_ver","Rafael Delgado"
"res_custom_city_mx_ver_136","base.mx","base.state_mx_ver","Rafael Lucio"
"res_custom_city_mx_ver_137","base.mx","base.state_mx_ver","Los Reyes"
"res_custom_city_mx_ver_138","base.mx","base.state_mx_ver","Río Blanco"
"res_custom_city_mx_ver_139","base.mx","base.state_mx_ver","Saltabarranca"
"res_custom_city_mx_ver_140","base.mx","base.state_mx_ver","San Andrés Tenejapan"
"res_custom_city_mx_ver_141","base.mx","base.state_mx_ver","San Andrés Tuxtla"
"res_custom_city_mx_ver_142","base.mx","base.state_mx_ver","San Juan Evangelista"
"res_custom_city_mx_ver_143","base.mx","base.state_mx_ver","Santiago Tuxtla"
"res_custom_city_mx_ver_144","base.mx","base.state_mx_ver","Sayula de Alemán"
"res_custom_city_mx_ver_145","base.mx","base.state_mx_ver","Soconusco"
"res_custom_city_mx_ver_146","base.mx","base.state_mx_ver","Sochiapa"
"res_custom_city_mx_ver_147","base.mx","base.state_mx_ver","Soledad Atzompa"
"res_custom_city_mx_ver_148","base.mx","base.state_mx_ver","Soledad de Doblado"
"res_custom_city_mx_ver_149","base.mx","base.state_mx_ver","Soteapan"
"res_custom_city_mx_ver_150","base.mx","base.state_mx_ver","Tamalín"
"res_custom_city_mx_ver_151","base.mx","base.state_mx_ver","Tamiahua"
"res_custom_city_mx_ver_152","base.mx","base.state_mx_ver","Tampico Alto"
"res_custom_city_mx_ver_153","base.mx","base.state_mx_ver","Tancoco"
"res_custom_city_mx_ver_154","base.mx","base.state_mx_ver","Tantima"
"res_custom_city_mx_ver_155","base.mx","base.state_mx_ver","Tantoyuca"
"res_custom_city_mx_ver_156","base.mx","base.state_mx_ver","Tatatila"
"res_custom_city_mx_ver_157","base.mx","base.state_mx_ver","Castillo de Teayo"
"res_custom_city_mx_ver_158","base.mx","base.state_mx_ver","Tecolutla"
"res_custom_city_mx_ver_159","base.mx","base.state_mx_ver","Tehuipango"
"res_custom_city_mx_ver_160","base.mx","base.state_mx_ver","Álamo Temapache"
"res_custom_city_mx_ver_161","base.mx","base.state_mx_ver","Tempoal"
"res_custom_city_mx_ver_162","base.mx","base.state_mx_ver","Tenampa"
"res_custom_city_mx_ver_163","base.mx","base.state_mx_ver","Tenochtitlán"
"res_custom_city_mx_ver_164","base.mx","base.state_mx_ver","Teocelo"
"res_custom_city_mx_ver_165","base.mx","base.state_mx_ver","Tepatlaxco"
"res_custom_city_mx_ver_166","base.mx","base.state_mx_ver","Tepetlán"
"res_custom_city_mx_ver_167","base.mx","base.state_mx_ver","Tepetzintla"
"res_custom_city_mx_ver_168","base.mx","base.state_mx_ver","Tequila"
"res_custom_city_mx_ver_169","base.mx","base.state_mx_ver","José Azueta"
"res_custom_city_mx_ver_170","base.mx","base.state_mx_ver","Texcatepec"
"res_custom_city_mx_ver_171","base.mx","base.state_mx_ver","Texhuacán"
"res_custom_city_mx_ver_172","base.mx","base.state_mx_ver","Texistepec"
"res_custom_city_mx_ver_173","base.mx","base.state_mx_ver","Tezonapa"
"res_custom_city_mx_ver_174","base.mx","base.state_mx_ver","Tierra Blanca"
"res_custom_city_mx_ver_175","base.mx","base.state_mx_ver","Tihuatlán"
"res_custom_city_mx_ver_176","base.mx","base.state_mx_ver","Tlacojalpan"
"res_custom_city_mx_ver_177","base.mx","base.state_mx_ver","Tlacolulan"
"res_custom_city_mx_ver_178","base.mx","base.state_mx_ver","Tlacotalpan"
"res_custom_city_mx_ver_179","base.mx","base.state_mx_ver","Tlacotepec de Mejía"
"res_custom_city_mx_ver_180","base.mx","base.state_mx_ver","Tlachichilco"
"res_custom_city_mx_ver_181","base.mx","base.state_mx_ver","Tlalixcoyan"
"res_custom_city_mx_ver_182","base.mx","base.state_mx_ver","Tlalnelhuayocan"
"res_custom_city_mx_ver_183","base.mx","base.state_mx_ver","Tlapacoyan"
"res_custom_city_mx_ver_184","base.mx","base.state_mx_ver","Tlaquilpa"
"res_custom_city_mx_ver_185","base.mx","base.state_mx_ver","Tlilapan"
"res_custom_city_mx_ver_186","base.mx","base.state_mx_ver","Tomatlán"
"res_custom_city_mx_ver_187","base.mx","base.state_mx_ver","Tonayán"
"res_custom_city_mx_ver_188","base.mx","base.state_mx_ver","Totutla"
"res_custom_city_mx_ver_189","base.mx","base.state_mx_ver","Tuxpan"
"res_custom_city_mx_ver_190","base.mx","base.state_mx_ver","Tuxtilla"
"res_custom_city_mx_ver_191","base.mx","base.state_mx_ver","Ursulo Galván"
"res_custom_city_mx_ver_192","base.mx","base.state_mx_ver","Vega de Alatorre"
"res_custom_city_mx_ver_193","base.mx","base.state_mx_ver","Veracruz"
"res_custom_city_mx_ver_194","base.mx","base.state_mx_ver","Villa Aldama"
"res_custom_city_mx_ver_195","base.mx","base.state_mx_ver","Xoxocotla"
"res_custom_city_mx_ver_196","base.mx","base.state_mx_ver","Yanga"
"res_custom_city_mx_ver_197","base.mx","base.state_mx_ver","Yecuatla"
"res_custom_city_mx_ver_198","base.mx","base.state_mx_ver","Zacualpan"
"res_custom_city_mx_ver_199","base.mx","base.state_mx_ver","Zaragoza"
"res_custom_city_mx_ver_200","base.mx","base.state_mx_ver","Zentla"
"res_custom_city_mx_ver_201","base.mx","base.state_mx_ver","Zongolica"
"res_custom_city_mx_ver_202","base.mx","base.state_mx_ver","Zontecomatlán de López y Fuentes"
"res_custom_city_mx_ver_203","base.mx","base.state_mx_ver","Zozocolco de Hidalgo"
"res_custom_city_mx_ver_204","base.mx","base.state_mx_ver","Agua Dulce"
"res_custom_city_mx_ver_205","base.mx","base.state_mx_ver","El Higo"
"res_custom_city_mx_ver_206","base.mx","base.state_mx_ver","Nanchital de Lázaro Cárdenas del Río"
"res_custom_city_mx_ver_207","base.mx","base.state_mx_ver","Tres Valles"
"res_custom_city_mx_ver_208","base.mx","base.state_mx_ver","Carlos A. Carrillo"
"res_custom_city_mx_ver_209","base.mx","base.state_mx_ver","Tatahuicapan de Juárez"
"res_custom_city_mx_ver_210","base.mx","base.state_mx_ver","Uxpanapa"
"res_custom_city_mx_ver_211","base.mx","base.state_mx_ver","San Rafael"
"res_custom_city_mx_ver_212","base.mx","base.state_mx_ver","Santiago Sochiapan"
"res_custom_city_mx_yuc_001","base.mx","base.state_mx_yuc","Abalá"
"res_custom_city_mx_yuc_002","base.mx","base.state_mx_yuc","Acanceh"
"res_custom_city_mx_yuc_003","base.mx","base.state_mx_yuc","Akil"
"res_custom_city_mx_yuc_004","base.mx","base.state_mx_yuc","Baca"
"res_custom_city_mx_yuc_005","base.mx","base.state_mx_yuc","Bokobá"
"res_custom_city_mx_yuc_006","base.mx","base.state_mx_yuc","Buctzotz"
"res_custom_city_mx_yuc_007","base.mx","base.state_mx_yuc","Cacalchén"
"res_custom_city_mx_yuc_008","base.mx","base.state_mx_yuc","Calotmul"
"res_custom_city_mx_yuc_009","base.mx","base.state_mx_yuc","Cansahcab"
"res_custom_city_mx_yuc_010","base.mx","base.state_mx_yuc","Cantamayec"
"res_custom_city_mx_yuc_011","base.mx","base.state_mx_yuc","Celestún"
"res_custom_city_mx_yuc_012","base.mx","base.state_mx_yuc","Cenotillo"
"res_custom_city_mx_yuc_013","base.mx","base.state_mx_yuc","Conkal"
"res_custom_city_mx_yuc_014","base.mx","base.state_mx_yuc","Cuncunul"
"res_custom_city_mx_yuc_015","base.mx","base.state_mx_yuc","Cuzamá"
"res_custom_city_mx_yuc_016","base.mx","base.state_mx_yuc","Chacsinkín"
"res_custom_city_mx_yuc_017","base.mx","base.state_mx_yuc","Chankom"
"res_custom_city_mx_yuc_018","base.mx","base.state_mx_yuc","Chapab"
"res_custom_city_mx_yuc_019","base.mx","base.state_mx_yuc","Chemax"
"res_custom_city_mx_yuc_020","base.mx","base.state_mx_yuc","Chicxulub Pueblo"
"res_custom_city_mx_yuc_021","base.mx","base.state_mx_yuc","Chichimilá"
"res_custom_city_mx_yuc_022","base.mx","base.state_mx_yuc","Chikindzonot"
"res_custom_city_mx_yuc_023","base.mx","base.state_mx_yuc","Chocholá"
"res_custom_city_mx_yuc_024","base.mx","base.state_mx_yuc","Chumayel"
"res_custom_city_mx_yuc_025","base.mx","base.state_mx_yuc","Dzán"
"res_custom_city_mx_yuc_026","base.mx","base.state_mx_yuc","Dzemul"
"res_custom_city_mx_yuc_027","base.mx","base.state_mx_yuc","Dzidzantún"
"res_custom_city_mx_yuc_028","base.mx","base.state_mx_yuc","Dzilam de Bravo"
"res_custom_city_mx_yuc_029","base.mx","base.state_mx_yuc","Dzilam González"
"res_custom_city_mx_yuc_030","base.mx","base.state_mx_yuc","Dzitás"
"res_custom_city_mx_yuc_031","base.mx","base.state_mx_yuc","Dzoncauich"
"res_custom_city_mx_yuc_032","base.mx","base.state_mx_yuc","Espita"
"res_custom_city_mx_yuc_033","base.mx","base.state_mx_yuc","Halachó"
"res_custom_city_mx_yuc_034","base.mx","base.state_mx_yuc","Hocabá"
"res_custom_city_mx_yuc_035","base.mx","base.state_mx_yuc","Hoctún"
"res_custom_city_mx_yuc_036","base.mx","base.state_mx_yuc","Homún"
"res_custom_city_mx_yuc_037","base.mx","base.state_mx_yuc","Huhí"
"res_custom_city_mx_yuc_038","base.mx","base.state_mx_yuc","Hunucmá"
"res_custom_city_mx_yuc_039","base.mx","base.state_mx_yuc","Ixil"
"res_custom_city_mx_yuc_040","base.mx","base.state_mx_yuc","Izamal"
"res_custom_city_mx_yuc_041","base.mx","base.state_mx_yuc","Kanasín"
"res_custom_city_mx_yuc_042","base.mx","base.state_mx_yuc","Kantunil"
"res_custom_city_mx_yuc_043","base.mx","base.state_mx_yuc","Kaua"
"res_custom_city_mx_yuc_044","base.mx","base.state_mx_yuc","Kinchil"
"res_custom_city_mx_yuc_045","base.mx","base.state_mx_yuc","Kopomá"
"res_custom_city_mx_yuc_046","base.mx","base.state_mx_yuc","Mama"
"res_custom_city_mx_yuc_047","base.mx","base.state_mx_yuc","Maní"
"res_custom_city_mx_yuc_048","base.mx","base.state_mx_yuc","Maxcanú"
"res_custom_city_mx_yuc_049","base.mx","base.state_mx_yuc","Mayapán"
"res_custom_city_mx_yuc_050","base.mx","base.state_mx_yuc","Mérida"
"res_custom_city_mx_yuc_051","base.mx","base.state_mx_yuc","Mocochá"
"res_custom_city_mx_yuc_052","base.mx","base.state_mx_yuc","Motul"
"res_custom_city_mx_yuc_053","base.mx","base.state_mx_yuc","Muna"
"res_custom_city_mx_yuc_054","base.mx","base.state_mx_yuc","Muxupip"
"res_custom_city_mx_yuc_055","base.mx","base.state_mx_yuc","Opichén"
"res_custom_city_mx_yuc_056","base.mx","base.state_mx_yuc","Oxkutzcab"
"res_custom_city_mx_yuc_057","base.mx","base.state_mx_yuc","Panabá"
"res_custom_city_mx_yuc_058","base.mx","base.state_mx_yuc","Peto"
"res_custom_city_mx_yuc_059","base.mx","base.state_mx_yuc","Progreso"
"res_custom_city_mx_yuc_060","base.mx","base.state_mx_yuc","Quintana Roo"
"res_custom_city_mx_yuc_061","base.mx","base.state_mx_yuc","Río Lagartos"
"res_custom_city_mx_yuc_062","base.mx","base.state_mx_yuc","Sacalum"
"res_custom_city_mx_yuc_063","base.mx","base.state_mx_yuc","Samahil"
"res_custom_city_mx_yuc_064","base.mx","base.state_mx_yuc","Sanahcat"
"res_custom_city_mx_yuc_065","base.mx","base.state_mx_yuc","San Felipe"
"res_custom_city_mx_yuc_066","base.mx","base.state_mx_yuc","Santa Elena"
"res_custom_city_mx_yuc_067","base.mx","base.state_mx_yuc","Seyé"
"res_custom_city_mx_yuc_068","base.mx","base.state_mx_yuc","Sinanché"
"res_custom_city_mx_yuc_069","base.mx","base.state_mx_yuc","Sotuta"
"res_custom_city_mx_yuc_070","base.mx","base.state_mx_yuc","Sucilá"
"res_custom_city_mx_yuc_071","base.mx","base.state_mx_yuc","Sudzal"
"res_custom_city_mx_yuc_072","base.mx","base.state_mx_yuc","Suma"
"res_custom_city_mx_yuc_073","base.mx","base.state_mx_yuc","Tahdziú"
"res_custom_city_mx_yuc_074","base.mx","base.state_mx_yuc","Tahmek"
"res_custom_city_mx_yuc_075","base.mx","base.state_mx_yuc","Teabo"
"res_custom_city_mx_yuc_076","base.mx","base.state_mx_yuc","Tecoh"
"res_custom_city_mx_yuc_077","base.mx","base.state_mx_yuc","Tekal de Venegas"
"res_custom_city_mx_yuc_078","base.mx","base.state_mx_yuc","Tekantó"
"res_custom_city_mx_yuc_079","base.mx","base.state_mx_yuc","Tekax"
"res_custom_city_mx_yuc_080","base.mx","base.state_mx_yuc","Tekit"
"res_custom_city_mx_yuc_081","base.mx","base.state_mx_yuc","Tekom"
"res_custom_city_mx_yuc_082","base.mx","base.state_mx_yuc","Telchac Pueblo"
"res_custom_city_mx_yuc_083","base.mx","base.state_mx_yuc","Telchac Puerto"
"res_custom_city_mx_yuc_084","base.mx","base.state_mx_yuc","Temax"
"res_custom_city_mx_yuc_085","base.mx","base.state_mx_yuc","Temozón"
"res_custom_city_mx_yuc_086","base.mx","base.state_mx_yuc","Tepakán"
"res_custom_city_mx_yuc_087","base.mx","base.state_mx_yuc","Tetiz"
"res_custom_city_mx_yuc_088","base.mx","base.state_mx_yuc","Teya"
"res_custom_city_mx_yuc_089","base.mx","base.state_mx_yuc","Ticul"
"res_custom_city_mx_yuc_090","base.mx","base.state_mx_yuc","Timucuy"
"res_custom_city_mx_yuc_091","base.mx","base.state_mx_yuc","Tinum"
"res_custom_city_mx_yuc_092","base.mx","base.state_mx_yuc","Tixcacalcupul"
"res_custom_city_mx_yuc_093","base.mx","base.state_mx_yuc","Tixkokob"
"res_custom_city_mx_yuc_094","base.mx","base.state_mx_yuc","Tixmehuac"
"res_custom_city_mx_yuc_095","base.mx","base.state_mx_yuc","Tixpéhual"
"res_custom_city_mx_yuc_096","base.mx","base.state_mx_yuc","Tizimín"
"res_custom_city_mx_yuc_097","base.mx","base.state_mx_yuc","Tunkás"
"res_custom_city_mx_yuc_098","base.mx","base.state_mx_yuc","Tzucacab"
"res_custom_city_mx_yuc_099","base.mx","base.state_mx_yuc","Uayma"
"res_custom_city_mx_yuc_100","base.mx","base.state_mx_yuc","Ucú"
"res_custom_city_mx_yuc_101","base.mx","base.state_mx_yuc","Umán"
"res_custom_city_mx_yuc_102","base.mx","base.state_mx_yuc","Valladolid"
"res_custom_city_mx_yuc_103","base.mx","base.state_mx_yuc","Xocchel"
"res_custom_city_mx_yuc_104","base.mx","base.state_mx_yuc","Yaxcabá"
"res_custom_city_mx_yuc_105","base.mx","base.state_mx_yuc","Yaxkukul"
"res_custom_city_mx_yuc_106","base.mx","base.state_mx_yuc","Yobaín"
"res_custom_city_mx_zac_001","base.mx","base.state_mx_zac","Apozol"
"res_custom_city_mx_zac_002","base.mx","base.state_mx_zac","Apulco"
"res_custom_city_mx_zac_003","base.mx","base.state_mx_zac","Atolinga"
"res_custom_city_mx_zac_004","base.mx","base.state_mx_zac","Benito Juárez"
"res_custom_city_mx_zac_005","base.mx","base.state_mx_zac","Calera"
"res_custom_city_mx_zac_006","base.mx","base.state_mx_zac","Cañitas de Felipe Pescador"
"res_custom_city_mx_zac_007","base.mx","base.state_mx_zac","Concepción del Oro"
"res_custom_city_mx_zac_008","base.mx","base.state_mx_zac","Cuauhtémoc"
"res_custom_city_mx_zac_009","base.mx","base.state_mx_zac","Chalchihuites"
"res_custom_city_mx_zac_010","base.mx","base.state_mx_zac","Fresnillo"
"res_custom_city_mx_zac_011","base.mx","base.state_mx_zac","Trinidad García de la Cadena"
"res_custom_city_mx_zac_012","base.mx","base.state_mx_zac","Genaro Codina"
"res_custom_city_mx_zac_013","base.mx","base.state_mx_zac","General Enrique Estrada"
"res_custom_city_mx_zac_014","base.mx","base.state_mx_zac","General Francisco R. Murguía"
"res_custom_city_mx_zac_015","base.mx","base.state_mx_zac","El Plateado de Joaquín Amaro"
"res_custom_city_mx_zac_016","base.mx","base.state_mx_zac","General Pánfilo Natera"
"res_custom_city_mx_zac_017","base.mx","base.state_mx_zac","Guadalupe"
"res_custom_city_mx_zac_018","base.mx","base.state_mx_zac","Huanusco"
"res_custom_city_mx_zac_019","base.mx","base.state_mx_zac","Jalpa"
"res_custom_city_mx_zac_020","base.mx","base.state_mx_zac","Jerez"
"res_custom_city_mx_zac_021","base.mx","base.state_mx_zac","Jiménez del Teul"
"res_custom_city_mx_zac_022","base.mx","base.state_mx_zac","Juan Aldama"
"res_custom_city_mx_zac_023","base.mx","base.state_mx_zac","Juchipila"
"res_custom_city_mx_zac_024","base.mx","base.state_mx_zac","Loreto"
"res_custom_city_mx_zac_025","base.mx","base.state_mx_zac","Luis Moya"
"res_custom_city_mx_zac_026","base.mx","base.state_mx_zac","Mazapil"
"res_custom_city_mx_zac_027","base.mx","base.state_mx_zac","Melchor Ocampo"
"res_custom_city_mx_zac_028","base.mx","base.state_mx_zac","Mezquital del Oro"
"res_custom_city_mx_zac_029","base.mx","base.state_mx_zac","Miguel Auza"
"res_custom_city_mx_zac_030","base.mx","base.state_mx_zac","Momax"
"res_custom_city_mx_zac_031","base.mx","base.state_mx_zac","Monte Escobedo"
"res_custom_city_mx_zac_032","base.mx","base.state_mx_zac","Morelos"
"res_custom_city_mx_zac_033","base.mx","base.state_mx_zac","Moyahua de Estrada"
"res_custom_city_mx_zac_034","base.mx","base.state_mx_zac","Nochistlán de Mejía"
"res_custom_city_mx_zac_035","base.mx","base.state_mx_zac","Noria de Ángeles"
"res_custom_city_mx_zac_036","base.mx","base.state_mx_zac","Ojocaliente"
"res_custom_city_mx_zac_037","base.mx","base.state_mx_zac","Pánuco"
"res_custom_city_mx_zac_038","base.mx","base.state_mx_zac","Pinos"
"res_custom_city_mx_zac_039","base.mx","base.state_mx_zac","Río Grande"
"res_custom_city_mx_zac_040","base.mx","base.state_mx_zac","Sain Alto"
"res_custom_city_mx_zac_041","base.mx","base.state_mx_zac","El Salvador"
"res_custom_city_mx_zac_042","base.mx","base.state_mx_zac","Sombrerete"
"res_custom_city_mx_zac_043","base.mx","base.state_mx_zac","Susticacán"
"res_custom_city_mx_zac_044","base.mx","base.state_mx_zac","Tabasco"
"res_custom_city_mx_zac_045","base.mx","base.state_mx_zac","Tepechitlán"
"res_custom_city_mx_zac_046","base.mx","base.state_mx_zac","Tepetongo"
"res_custom_city_mx_zac_047","base.mx","base.state_mx_zac","Teúl de González Ortega"
"res_custom_city_mx_zac_048","base.mx","base.state_mx_zac","Tlaltenango de Sánchez Román"
"res_custom_city_mx_zac_049","base.mx","base.state_mx_zac","Valparaíso"
"res_custom_city_mx_zac_050","base.mx","base.state_mx_zac","Vetagrande"
"res_custom_city_mx_zac_051","base.mx","base.state_mx_zac","Villa de Cos"
"res_custom_city_mx_zac_052","base.mx","base.state_mx_zac","Villa García"
"res_custom_city_mx_zac_053","base.mx","base.state_mx_zac","Villa González Ortega"
"res_custom_city_mx_zac_054","base.mx","base.state_mx_zac","Villa Hidalgo"
"res_custom_city_mx_zac_055","base.mx","base.state_mx_zac","Villanueva"
"res_custom_city_mx_zac_056","base.mx","base.state_mx_zac","Zacatecas"
"res_custom_city_mx_zac_057","base.mx","base.state_mx_zac","Trancoso"
"res_custom_city_mx_zac_058","base.mx","base.state_mx_zac","Santa María de la Paz"